0.0023209471,0.301136,0.00031764669,0.30543563,0.30531764,0.29588577,0.00024572166,0.00058011996,0.000104985804,0.00042826874,0.3036851,0.0030428637,0.00042214282,0.0061426354,0.00044139771,0.00026395833,0.0005535476,0.29122195,0.29889587,0.30090356
0.25232297,0.022592101,-0.0,0.084168755,-0.0,0.06215374,0.004807858,0.04190417,0.083133936,0.11660867,0.0017646994,0.17034353,0.0045861662,0.049083278,0.02807565,0.01548789,0.022941437,0.015597172,0.0045744088,0.007043871
0.1785067,0.04199869,0.0037553478,0.09251342,0.011998151,0.025412202,0.052712,0.01794753,0.039297532,0.0035007892,0.027537994,0.2293141,0.0031626702,0.031143446,-0.0,0.08120989,0.12623428,0.04596042,0.040161155,0.042476356
0.050052788,0.0071793506,0.1599779,0.0543405,0.069585994,-0.0,0.21094485,0.033221398,0.1059018,0.002303033,0.04649462,0.022881221,0.045667093,0.01139283,0.025731938,0.050379228,0.24447925,0.016794972,0.026596691,-0.0
0.045258593,0.031047918,0.042922657,0.023354104,0.03358134,0.024648521,0.16690825,0.04597405,0.06468302,0.048145693,0.05787691,0.10891882,0.009057141,0.024871264,0.007599127,0.020969452,0.1984077,0.038333103,0.029467292,0.069223486
0.042264834,0.019331833,0.18456924,0.018084778,0.061433498,0.047881916,0.36495715,0.10343635,0.011655283,0.115972415,0.03455236,0.005218802,0.0746229,0.0017161577,0.05949955,0.04594869,0.30430165,0.048949778,0.042245086,0.079654366
0.057318326,0.025100524,0.11297351,0.0124721695,0.020048711,0.024978573,0.25273237,0.038008995,0.028861899,0.045059532,0.006985793,0.06354721,-0.0,0.0051735574,0.013705749,0.0075018257,0.24108559,0.006385999,0.009163827,0.046961863
0.02600905,0.016052071,0.006694072,0.02543358,0.05145457,0.0035317116,0.16578458,0.08336765,0.02714602,0.092376,-0.0,0.050841786,-0.0,0.03616324,-0.0,0.029384926,0.2641915,-0.0,0.05548363,0.058411926
0.036881335,0.037680663,0.13866967,0.016583597,0.060572542,0.010489826,0.24922034,0.000635803,0.047340874,0.0393642,0.056274638,0.08242489,0.046140205,0.01648038,-0.0,0.023355778,0.17231005,0.004450872,0.030424375,0.045874014
0.06628401,0.0831856,0.13251765,0.015225591,0.040824912,0.0037924324,0.20574218,0.0069723213,0.022613611,0.012844585,0.019816635,0.05339409,0.047739804,0.061049566,0.0045649866,0.057701338,0.17895414,0.04082831,0.043347552,0.014557766
0.012312381,0.03337731,0.14396845,-0.0,0.046836987,0.009497561,0.17247236,0.07348079,0.03217392,0.011114624,0.0043234853,0.034198884,0.05712613,0.011049336,0.053208478,0.026895821,0.28087616,0.002866576,0.061066285,0.019866122
0.086608686,-0.0,0.051861152,0.016533986,0.0024225167,0.004777237,0.30278695,0.04419026,0.049264748,0.05364898,0.035319548,0.029193226,0.0251033,0.047859617,0.0003775605,0.063417435,0.29341167,0.05586472,-0.0,0.0033880132
0.04009511,0.06254779,0.072914734,0.0030757578,0.016189536,0.03648564,0.1786337,0.009951107,0.047433924,0.101582,0.027562294,0.02644422,0.0013415113,0.009234384,0.030067885,0.018791566,0.29731512,-0.0,0.023626871,0.03866716
0.21358867,0.012436356,0.11822393,0.0007313215,0.041884515,0.07103596,0.031317517,0.083976366,0.005835661,-0.0,0.007842048,0.2913644,0.024092777,-0.0,0.05681156,0.0007405305,0.026142709,0.054984953,0.015688153,0.014472603
0.015122793,0.0031686744,0.06953705,0.06183404,0.044952344,0.027242959,0.18974635,0.11186819,-0.0,0.12289458,0.0617661,0.0012969924,-0.0,0.011402482,0.041050095,0.011278542,0.1299606,0.05283889,0.112224296,0.08788259
0.06314791,0.020251365,0.07444587,0.06529408,0.02963823,0.05399493,0.19915658,0.02156162,0.08951026,0.04002145,0.029762547,0.0047244336,0.0061828415,0.009900146,0.022986222,0.074841425,0.17221788,0.026706168,0.06166767,0.06262945
0.06293133,0.07838391,0.013330509,0.0044846176,0.061774306,0.07340659,0.39728254,0.11134426,0.045157757,0.25318012,0.041091364,0.020718694,0.0006797708,0.0492022,0.053122584,0.04252011,0.28012133,0.015039516,0.012718099,0.11850367
0.044746302,0.04182935,0.31547847,0.030514274,0.004380261,0.008229789,0.29996684,0.0010131266,0.009757892,0.06128414,0.008011405,0.016156653,0.01921061,0.09240405,0.10547821,0.120055854,0.23036222,0.013663491,0.03699331,0.07042632
0.004552539,0.024518961,0.022694128,0.018990355,0.00038450822,0.0067547006,0.15398423,0.09264431,0.10471546,0.08517784,-0.0,0.025054771,0.0260328,0.00031384308,0.028687846,0.034154996,0.26367486,0.027995285,0.052993532,0.04551348
0.02084314,0.014263885,0.10913197,-0.0,0.053206705,0.013473608,0.14042687,0.022925006,0.068118535,0.0031116046,0.0005563686,0.05850756,0.009010823,0.010876874,0.067861326,0.034060832,0.21957833,-0.0,0.04209005,0.04351789
-0.0,0.06707763,0.07615162,0.010867329,0.05212825,0.07671226,0.19721311,0.031986345,0.06515939,0.009738823,0.043929145,0.011976123,0.02882007,-0.0,0.007201475,0.015466215,0.2765965,0.077953435,0.018140724,0.06115044
0.03419043,-0.0,0.034872554,0.07824324,0.03236676,0.018342819,0.22215617,0.11571189,0.167766,0.11120906,0.050491113,0.035598017,0.049659416,0.050379153,0.016744588,0.085431725,0.28417438,0.026528817,0.029732706,0.048350196
0.008378107,0.043720327,0.12709701,0.0032171672,-0.0,0.045432042,0.22545305,0.0985035,0.0094947815,0.17538092,0.0023816188,0.013264101,0.08246961,0.030097645,0.053821206,0.0025092165,0.11828649,0.04064384,0.022695351,0.017514696
0.09479942,0.009844078,0.015693562,0.036102317,0.05414915,0.04657404,0.25343326,0.028101986,0.0045257555,0.07081083,0.0025760424,0.10275974,0.07946848,0.018629195,0.017844012,0.06645038,0.22705033,0.036585134,0.017463978,0.021472689
0.2016173,0.015826097,0.0037349854,0.08672377,0.013360219,0.009768326,0.01044476,0.026099449,0.07351725,0.056666616,0.06464041,0.18599863,0.011297289,0.02781244,0.014779516,0.06500333,0.11948386,0.15053883,0.011882876,0.025822377
0.014102758,0.060583502,0.034853857,0.0035980528,0.00026795527,0.0053098425,0.24406302,0.005852496,0.019110547,0.019105392,0.03662975,0.022389356,0.095786266,0.033218235,0.010142084,0.084172405,0.32453343,0.02968562,0.02526323,0.036150128
0.053268198,0.06705039,0.10746433,0.0043283305,0.098858066,0.052059658,0.26446357,-0.0,0.03222517,0.0056893085,0.07209879,0.06379607,0.04557586,0.08724306,0.023735927,0.111661054,0.18021826,0.006701965,0.115192726,0.03530304
0.0063292836,0.043608777,0.02850139,0.028721543,0.022990463,0.023484698,0.3596273,0.07115406,0.026217025,0.019437928,0.060423065,0.018821286,-0.0,0.050496746,0.002147202,0.07742741,0.22857428,0.031949632,0.020599388,0.014188566
-0.0,0.04368001,0.023160864,0.0046346365,0.025775649,0.066405036,0.357209,0.1261214,0.0053570657,0.042260107,0.032602854,-0.0,0.122905545,0.030843236,0.058553338,0.0801278,0.23734966,0.000979712,0.02846055,0.013257448
0.018878909,0.061257705,0.07337154,0.01913912,0.0073272185,0.022978883,0.22438024,0.10691083,-0.0,0.06974747,0.013800551,0.0077131777,0.009501303,0.053656314,0.11054485,0.03326761,0.19426283,0.00805904,0.011957276,0.033086594
0.024566345,0.030996071,0.00047281798,0.02521173,0.034885317,0.08597985,0.2044529,0.19687442,0.020505007,0.05339168,0.065599434,0.024362534,0.10344345,0.0024130787,0.046742138,0.03346735,0.18970145,0.015821984,0.066907756,0.03821149
0.028745541,0.018407831,0.1294946,0.0001513626,0.026586682,0.02621014,0.275585,0.02251428,0.0058492473,0.0224843,0.058943037,0.031599395,0.026632115,0.0076082707,0.026248338,0.007006122,0.13923576,0.000681596,0.045177095,0.067512095
0.12006208,0.0004645611,0.028135406,0.01175251,0.034201972,0.004283226,0.22239394,0.067418,0.07662427,0.156725,0.0010263023,0.05926369,0.012091097,0.027859287,0.009639678,0.018397484,0.20615175,-0.0,0.0010446622,-0.0
0.05949278,0.01733325,0.050224572,0.04623268,0.08615554,-0.0,0.25449854,0.036252413,0.030082418,0.09943479,0.0029183137,0.010706869,0.008820909,0.02697986,0.06717631,0.03451039,0.18216632,0.0006381966,-0.0,0.01444806
0.00057023455,0.015246902,0.18209827,0.036695536,0.006082384,0.06666698,0.14455105,0.042432807,0.07860747,0.19316913,0.012505788,-0.0,0.019324467,0.1285396,0.052712236,0.057412315,0.13885319,0.025413023,0.020485254,0.00084954523
0.22063895,0.038937148,0.07591475,0.057815943,0.030487616,-0.0,0.05484946,-0.0,0.026249079,0.006230607,0.04569691,0.23587687,0.037088547,0.102551654,0.009895979,0.034808654,0.014258251,0.04449502,0.021902407,0.10464773
0.014390638,0.038218085,0.08250174,0.01912808,0.04040565,0.0026187135,0.32037592,0.08846921,0.005353865,0.025807777,4.1428066e-05,0.0073269997,0.12390035,0.029283281,0.053509485,0.0265206,0.22892606,0.0057627256,0.0120226415,6.1529114e-05
0.07458423,0.05214788,0.042534195,0.021854578,0.032912895,0.018197699,0.2960487,0.028525628,0.011998349,0.19166292,0.0014016782,0.154911,0.03239534,0.031763427,0.13011934,0.05444407,0.21039179,0.0019369529,-0.0,0.03357401
-0.0,0.0034357284,0.028081974,-0.0,-0.0,0.03682649,0.36003056,0.1192739,0.008765468,0.03158358,0.059918433,-0.0,0.082396746,0.007173715,0.030746311,0.015431374,0.28333488,0.0035350604,0.020930577,0.00015566412
0.06315756,0.02696139,0.06082626,0.01989371,0.05077814,0.034089427,0.27300268,0.14599407,0.063211754,0.017353684,0.040400825,0.03906062,0.025298333,0.006786214,0.06020725,0.013300657,0.24398209,0.0014191708,-0.0,-0.0
0.073762536,0.020002795,0.04467178,-0.0,0.025405733,0.005146818,0.2739711,0.0023406127,0.088112116,0.031445306,0.0052771093,0.09397374,0.010466811,0.008146343,-0.0,0.040820364,0.25293228,0.03750115,0.00080041704,0.03797266
0.031767547,0.093846366,0.08852328,0.006655703,0.02466828,0.014272439,0.24794401,0.055274867,0.024563814,0.16691254,0.07233714,0.06907133,0.08178118,0.0047978736,0.08041851,0.0067591537,0.36217985,0.028260348,0.046661034,0.04903963
0.07022573,0.001953799,0.014104432,0.00614392,0.013573698,0.018426092,0.31527844,0.111600116,0.009420154,0.11022208,0.06619798,0.045053467,0.00077849225,0.030868981,0.0005947929,0.046639506,0.26335335,0.014011509,0.017745852,0.03413144
0.0421756,0.07097433,0.1566808,0.040329043,0.037488084,0.071940646,0.14753777,0.023739964,0.19505656,0.009260948,0.025048843,0.058571476,0.07240894,-0.0,0.097397834,-0.0,0.22572108,0.023858925,0.07618155,0.0005083314
0.01588074,0.0351814,-0.0,0.018729715,0.043540344,0.124895245,0.33541948,0.062350012,0.102209106,0.11171752,0.004200772,0.0008038367,0.010987075,0.026721898,0.022489289,0.10976078,0.24774462,0.047244787,0.009426419,0.006535612
0.067656375,0.06767398,0.063252285,0.025688553,0.045522314,0.03768366,0.19454226,-0.0,0.0470054,0.17516968,0.039327554,0.029384183,0.01340947,0.04212736,-0.0,0.018058056,0.2414496,0.07106457,0.0018834174,0.02437149
0.18667169,0.011884889,0.04473326,0.04947804,0.11091907,0.03559827,0.023370337,-0.0,0.03430649,0.14262809,0.13159539,0.13712193,0.00860204,0.045883738,0.006287333,0.06400524,0.022331523,0.033212516,0.040275827,0.039890032
0.034454152,0.036253028,0.07389713,0.046754684,0.05978058,0.035426438,0.23161714,0.004720241,0.05435727,0.00045851557,0.084327884,0.1084698,0.06717913,0.006175192,0.0014117986,0.024220787,0.2884998,0.043552186,0.0383189,0.06296355
0.10816573,0.019849623,0.04182682,0.027622826,0.04721618,0.011480953,0.1654,0.038845684,0.11547668,0.096042946,0.03551791,0.07622558,0.0127305295,0.009929431,0.014639937,0.07059021,0.22515976,0.036674984,0.015386676,0.030408574
0.004612643,0.07049607,0.40370774,0.03579563,0.06000365,0.014528797,0.2695209,0.031046275,0.051486872,0.0068949503,0.048880395,0.0022484553,0.036626294,0.055089366,0.061789066,0.048594687,0.21715891,0.039345343,0.12764882,0.036694106
0.058740254,0.0125533035,0.12008415,0.0011151312,0.017507354,0.047168266,0.28027585,-0.0,0.020484162,0.08053387,0.0019270829,0.04208768,0.009795089,0.08165898,0.00045749694,0.028655313,0.23406349,0.032742012,0.0022012114,0.03329432
0.0037644845,0.1302996,0.043273415,0.029288944,0.13866147,0.023155792,0.19941963,0.042594023,0.2254888,0.14171362,0.012690535,0.031003116,0.055553913,0.021117201,0.06913262,-0.0,0.23839699,0.09975999,0.0042293184,0.0038458616
0.07247012,0.005773257,0.028937215,0.034394138,0.03591647,0.0061668353,0.18164095,0.05974274,0.0030034226,0.157551,0.0051714666,0.10350228,0.029696655,0.0334344,0.045909584,0.06318296,0.25165206,0.018336613,0.019865908,0.015857678
0.06540569,-0.0,0.18881603,0.008845356,0.00029502538,-0.0,0.30148414,0.02236116,0.100449935,0.06948757,0.040628176,0.08455957,0.094013155,0.020809634,0.035525367,0.043460112,0.15555154,-0.0,-0.0,0.0018274994
0.044065837,0.0014380596,-0.0,0.0020725331,0.006906337,0.038752593,0.2414831,0.04900408,-0.0,0.039109405,0.05660035,0.025775064,0.07098295,0.0008459943,0.0390195,0.010179819,0.22057107,0.008298634,0.046729174,0.033170886
0.02381657,0.03373015,0.124631524,0.0058421837,0.0136334095,0.049752828,0.26229128,0.068324566,0.053604346,0.04634928,0.00219067,0.0070473794,0.035622902,0.013517369,0.029195301,0.03723997,0.18326308,0.021115627,0.010892194,0.0785295
0.0060402383,0.004400075,0.10907913,0.0064400802,-0.0,-0.0,0.22006471,0.109908484,0.07076107,-0.0,0.0926486,0.07991208,0.04638936,-0.0,0.047465704,-0.0,0.17882343,0.01071106,0.016179191,0.008957961
0.22395237,0.04817807,0.036607184,0.08379753,0.023115909,0.0043100915,0.042820275,0.0042260247,0.09894084,0.029288769,0.01717233,0.17393191,0.16270739,0.06851057,0.00864691,0.07064275,0.1193506,0.06638214,0.05155698,0.07063134
0.054865856,-0.0,0.042129166,0.023913158,-0.0,-0.0,0.08890585,0.029736934,0.0148172695,0.07070493,0.018054964,0.07945913,0.021187386,0.36396462,-0.0,0.39109847,0.047555048,0.02006665,0.038924687,-0.0
0.036505707,0.0041163256,0.09431229,0.05540621,0.025362754,-0.0,0.05700249,0.047523085,0.012304842,0.07605573,0.012242538,0.022646189,0.016604958,0.29670447,0.00584651,0.30108172,0.09429096,0.011441651,0.0009184772,0.009497456
0.042426325,0.062975064,0.033896573,0.10149342,0.002305934,0.1307791,0.12331989,0.00031964027,0.01904682,0.086169705,0.013913322,0.05442488,0.07146794,0.28999108,0.011068079,0.29243946,0.043298673,0.033143472,0.07110954,0.011218455
0.047385186,-0.0,0.072980985,0.06469295,0.0003452992,0.08851213,0.045716528,0.044584274,0.02413307,0.06561881,-0.0,0.029470218,0.006537915,0.2232505,0.038643785,0.27775234,0.027675688,0.0008616403,0.007371618,0.0018329314
0.03718845,0.014772171,0.121738866,0.020911923,0.0018282568,0.05454295,0.045244455,0.010733055,0.09566221,0.098968744,0.028304886,0.03956137,-0.0,0.27649543,0.009456441,0.30394703,0.024613943,0.016380515,0.042926893,0.013137294
0.012407344,0.035116505,0.061532173,0.0015254748,0.0020163618,0.019553035,0.0024139234,0.11198139,0.0660962,0.046969566,0.011773947,0.059770763,0.016907314,0.27715775,0.03029521,0.2659192,0.004631702,0.026777688,0.006191652,0.0022704478
0.0031170617,0.025039453,0.16995615,0.0074441605,0.081684835,0.03898914,0.062350605,0.033519324,0.059505522,0.021885067,0.006798603,0.01696444,0.02549611,0.32113042,0.05410481,0.28525704,0.010076307,0.0039357105,0.041492004,0.05165038
0.018172182,0.00061028404,0.096278906,0.07548904,0.0020579374,0.011088851,0.00988019,0.029483877,0.039916467,0.043470416,0.0045905528,0.03417826,0.001221774,0.39695638,0.07375226,0.28669423,0.014692346,0.005311148,0.018657837,0.0029799123
0.0947328,0.03870491,0.00992971,0.031417523,0.052571215,0.013195031,0.057489533,0.031075377,0.116229825,0.21865626,0.011311652,0.04334444,0.036650937,0.30973968,0.04173509,0.34402204,0.040727038,-0.0,0.024565296,0.0189193
0.014464606,0.043812916,0.031510968,0.08369675,-0.0,0.009178333,0.028852263,0.010033227,0.03524321,0.008991994,0.015871083,0.014377813,0.07684445,0.22655746,0.0050238622,0.3335473,0.009333987,-0.0,0.0051773204,0.0008905986
0.24788503,0.030420003,0.008191927,0.038734876,0.060322985,0.05746093,-0.0,0.0022315683,-0.0,0.07693304,0.12547323,0.22928509,0.024880407,0.114542186,0.009420012,0.12580588,0.049544588,0.019891424,0.040647477,0.067051224
0.068817645,0.020244522,0.13180548,0.014345905,-0.0,0.009387482,0.03101988,0.10510388,0.00029065332,0.0461592,0.046673026,0.021206243,0.012582304,0.3310876,0.01712067,0.36455032,0.0033588908,0.029857252,0.0024305177,0.014450078
0.00022509904,0.045737635,0.015748788,0.058372084,0.03889594,0.010953786,0.057663996,0.0019176708,0.0034039668,0.017862005,0.007520791,0.012509509,0.007775088,0.36089954,-0.0,0.34366617,0.056193575,0.009565194,0.014658163,0.012442212
0.024230704,0.054571576,0.058704324,0.010027197,0.046407398,0.022051863,0.01990039,0.04340697,0.015500954,0.07418619,-0.0,0.060762867,0.0050955447,0.27021214,0.036480706,0.29269978,0.030602051,0.022172272,0.021808961,0.033710882
0.056170527,0.02547731,0.017758697,0.09979578,0.03768171,0.032565247,0.0235623,0.025767742,0.048210863,0.003817241,0.037018653,0.031126821,0.18368112,0.33785585,0.019221202,0.34127894,0.007389422,0.0113150645,-0.0,0.009862903
0.020768339,0.03844861,0.030370465,0.0025691558,-0.0,0.04085158,0.052255586,0.019720547,-0.0,0.030648218,0.023972688,0.0015733617,0.042693157,0.32886794,0.012455951,0.3204716,0.0667347,0.027031338,0.00018631757,0.019330913
0.08820242,0.018196467,0.03442131,0.014572602,0.00891329,0.00046568416,0.1347005,0.08666747,0.047587533,0.08103478,0.0057656094,0.06731373,-0.0,0.32898667,0.027377762,0.2963499,0.013369851,0.01627985,-0.0,0.046682555
0.0015818244,0.08914654,0.059579454,0.0025717365,0.052535992,0.050090577,0.05714281,0.033958163,0.0031298439,0.00886031,0.04224325,0.0018068501,0.06282907,0.3973221,0.10329942,0.31376362,0.023961263,0.04095659,0.104853,0.0011282099
-0.0,0.037761148,0.053986132,0.063757725,0.0026945206,0.02847288,-0.0,0.03392101,0.0084922165,0.0041342424,0.0142064495,0.037051804,0.055636026,0.3200021,0.06351599,0.36367193,0.035836652,0.011908695,0.10952432,0.038073346
-0.0,0.041402865,0.059535425,0.022578182,0.007366059,0.03100399,0.02141434,0.01278498,-0.0,0.08470784,0.010942934,0.06913319,0.017453851,0.2841916,0.035265863,0.37015167,0.04811608,0.05220586,0.0652685,0.025975078
-0.0,0.030865474,0.08401863,0.040395353,0.01296525,0.012304544,0.010388332,0.019581057,-0.0,0.15792635,0.024533162,0.02823677,0.091313116,0.23972003,0.027145453,0.2668689,5.2941537e-05,0.032898117,0.045911722,0.014225128
0.1817797,0.026527608,0.03799527,0.021536486,0.031622794,0.052804057,0.020458926,-0.0,0.0098196,0.0014266394,0.016645472,0.2281803,0.056568347,0.0029670997,-0.0,0.032993123,0.010426876,0.08879824,0.022525957,0.07325628
0.09910644,0.0068532233,0.042380456,0.025196364,0.01225399,-0.0,0.04346006,0.0067879613,0.030187313,0.12528224,0.016544726,0.022415435,0.02202116,0.33159354,0.022875972,0.35054624,0.06034536,0.00036140508,-0.0,-0.0
0.028770873,0.054347128,0.052643258,-0.0,0.034428988,0.0071382066,0.026905216,0.049493723,0.0030537746,0.032421254,-0.0,0.018181965,0.034547787,0.28220686,0.02590499,0.34461528,0.026927032,0.000531608,0.005887886,-0.0
0.05025888,0.03146828,0.037938043,0.021856913,0.01576563,0.028060269,0.05117212,0.042902086,0.059779257,0.010765912,0.015759174,0.02583997,0.00059500645,0.34168798,0.03511476,0.36233446,0.01850409,0.004711071,0.10624552,0.01917516
0.06585173,0.008229804,0.038055897,0.022772515,0.046892006,0.0016460083,0.029793529,0.00035368168,0.029003678,0.059301667,0.025038093,0.02313054,0.028455172,0.29602718,0.0049368967,0.32789236,0.007867924,0.085664436,0.009127997,0.04915449
0.03490711,0.00047830713,0.051357724,0.08457542,0.018191908,-0.0,0.0010938515,0.023958443,0.101399496,0.047689613,0.054236613,0.06370709,0.02777301,0.3328531,0.03255386,0.2623221,0.0029051492,0.019419197,0.03636929,0.011562887
0.0084731355,0.019999882,0.07843361,-0.0,0.072328955,0.0068404707,0.043452594,0.032881618,0.025740573,0.0033199457,0.00013683247,0.045550324,0.05075327,0.2962823,0.07217459,0.25419915,0.06248224,-0.0,0.012742552,0.02899044
0.028824603,0.042997986,0.09309215,0.085261784,0.109616116,0.036399588,0.015559716,0.08999389,0.03807572,0.061848685,0.04873842,0.013818512,0.0062112184,0.3297211,0.0008324175,0.4066506,0.06920121,0.035831843,0.07094333,0.051998664
0.11039127,0.010399169,0.022773178,0.036910363,0.047553737,0.0061690235,0.0010822831,0.04267562,0.019008582,0.0067823236,0.02090841,0.021557998,0.12983452,0.35167712,0.109304555,0.26798493,-0.0,0.03703793,0.100696675,0.0077531124
0.012326504,0.057029866,0.04403004,0.03150484,0.04151374,0.0011927133,0.042856872,4.101385e-05,0.05545561,0.010646013,0.04148755,0.015708206,0.047715053,0.28201103,0.0054493113,0.3576833,0.045885053,0.0075926646,0.1265919,0.04776296
0.0911126,0.009617444,0.028171135,0.027304484,0.059388544,1.0571681e-05,0.02588788,0.024712315,0.0105650425,0.032839365,-0.0,0.06743038,0.076404616,0.3000532,0.05249743,0.30931216,0.000871965,0.011301759,-0.0,0.010281221
0.31535572,0.014718788,0.008727463,0.034292728,0.036719374,0.01711782,0.08822637,0.01374647,0.026675805,0.05175478,0.0077346326,0.17899741,0.0040860367,0.1616837,0.011673227,0.12831554,0.006959781,0.025501523,0.04333231,0.05996497
0.05821582,0.014829526,0.05589616,0.018812045,0.014005663,0.008279625,0.07010195,0.09390229,0.024174215,0.08142443,0.001969941,0.027032062,0.06400363,0.3002206,0.022408089,0.3700798,0.06874963,0.0034181797,-0.0,0.0324968
0.015921865,0.017909493,0.052651316,0.040905748,0.10836006,0.045140773,0.036298327,0.0075924643,0.027590554,0.040961806,0.043186292,0.057904582,0.06812691,0.30798745,0.003191461,0.21008156,0.008387757,0.039320704,0.009639312,0.06779468
0.048251685,0.028279144,0.0021233365,0.006083214,0.022398306,0.025396373,0.03214926,0.015325082,0.049544193,0.050174933,0.035063423,0.03153037,0.01890758,0.37717837,0.013642758,0.38034368,0.08831507,0.037751283,0.012916899,0.056548458
0.053801827,0.02057597,0.015574744,0.033482037,0.046005994,0.032311838,0.024946019,0.04313538,0.06076098,0.03012133,0.018977905,0.007176728,0.020076524,0.3280987,-0.0,0.3224069,0.006999965,0.03394915,0.037554465,0.08720621
0.01813506,0.007378896,0.039038908,0.013588971,0.06441776,-0.0,0.10648659,0.009400334,0.012653795,0.023550393,0.07409421,0.045790996,0.026743528,0.3391183,0.0049037696,0.36813334,0.048370328,0.0018423223,0.03168034,0.010961719
0.03249817,0.013005105,0.042755455,0.029897178,-0.0,0.02027299,0.05586304,0.06778019,0.032922562,0.07741873,0.05327111,0.02385222,0.0066474467,0.37057945,0.008120026,0.35462463,0.013506302,0.009451042,0.042831093,0.03929818
0.022942008,0.019349482,0.057661384,0.053645656,0.013787081,0.03223468,0.024435015,0.0010516793,0.005502928,0.07193214,0.006873053,0.044504832,0.05151078,0.37285483,0.030583166,0.36152828,0.028607521,0.0058662603,0.030661702,0.018095521
0.013420984,0.049912225,0.07736981,0.012154212,0.0949323,0.0021971958,0.026726872,-0.0,0.021431329,0.00025744762,0.03744481,0.036181264,0.020470804,0.3528968,0.016120445,0.26449886,0.016165929,0.030364448,0.022856297,0.018510016
0.029641796,0.01211591,0.04069165,0.006066784,0.08101143,0.0047060666,0.042650085,0.017603949,0.044976205,0.0301315,0.028278204,0.028696649,0.060178302,0.25619876,0.13790144,0.3035112,0.014137185,0.018579269,0.025365805,0.008687715
0.08106557,0.033150043,0.08526043,0.06536557,0.020329809,0.02872131,0.01343702,0.024610762,0.029548464,0.054721028,0.008682708,0.014275076,0.04365933,0.31256434,0.014085417,0.3098604,0.041400973,0.0010153374,0.08970134,0.05902651
0.23873632,0.14100699,0.2122475,0.023749582,0.106601946,0.05395011,0.053877056,0.03650566,0.0795971,0.062309075,0.04592589,0.23411669,0.16194053,0.01264443,0.020719344,0.00043411076,0.017863266,0.008647861,0.09213213,0.0871206
0.057834852,0.030801695,0.06789184,0.040063165,0.0011075427,0.06105477,0.006531082,0.014395829,-0.0,-0.0,0.02117478,0.11566866,0.06522523,0.358952,0.009929669,0.21014814,0.0027660404,0.12878013,0.041718293,0.020039028
0.004229307,0.06490686,0.008369918,0.032006375,0.066828504,0.039009638,0.022344783,0.12547398,0.021476232,0.14711118,0.0369813,0.005371203,0.0027685482,0.41215253,0.035402197,0.34997743,0.05058612,0.018584229,0.07763997,0.109657645
0.038649213,0.012998187,0.046283916,0.0361925,0.035515312,0.0087493975,0.0062885913,0.02039268,0.023241103,0.18226856,0.026099017,0.040479556,0.064621374,0.30119526,0.067699164,0.30385527,0.055967968,0.053784877,0.059470642,0.03512655
-0.0,0.059570543,0.12013549,0.023295147,0.07015074,0.03633245,0.14023156,-0.0,0.08057885,0.23418966,0.032832604,0.01722738,0.03201528,0.24326214,0.018438274,0.30617574,0.15636146,0.028869435,0.03796765,0.06324644
0.036758192,0.006800396,0.036921058,0.019316966,0.0031849588,0.014185625,0.034586415,0.07096286,0.0013301345,0.035557248,-0.0,0.056045365,0.11141819,0.32252976,0.052304566,0.2749525,0.017474387,-0.0,0.022120574,0.04350099
0.03425722,0.06367933,0.093543425,0.025355581,0.02756855,0.07713754,0.03166015,0.0078119175,0.013586292,0.006901237,0.050186645,0.025928603,0.070982285,0.295154,0.0050881067,0.3261111,0.04088,0.049950514,0.040147204,0.0099476855
0.032339144,0.034810692,0.030974086,0.009704188,0.0035345838,0.018735398,0.07706012,0.025622448,0.0050039785,0.015896134,0.008723242,0.08095901,0.0036456045,0.15758412,0.04159792,0.29980186,0.052075244,1.7917043e-06,0.00023848278,0.044194996
0.046969064,0.009954738,0.009012146,0.039526656,0.014614951,0.0038937654,0.043859415,0.027425105,-0.0,0.14058477,0.050622374,0.06858121,0.005581671,0.31326005,0.019664206,0.2502506,0.065748096,0.008409072,0.038348526,0.037231844
0.0018869162,0.051176414,0.051369607,0.04300295,0.086008005,0.072705224,0.0042422162,0.035452012,0.019458806,0.16585451,0.029722847,-0.0,0.05390182,0.35929504,0.11246737,0.33617902,0.037740488,0.026727036,0.043366164,0.048288565
0.06810482,0.050360605,0.088366464,0.014624311,0.084647976,0.02177823,0.021091592,0.0021059494,0.0856364,0.025706137,-0.0,0.016741145,0.03498603,0.3528852,-0.0,0.2206632,0.027019802,0.02579847,0.017991614,0.010503222
0.2716978,0.05231162,0.11730651,0.04242846,0.014088186,0.06804148,0.04197324,0.05522146,0.096018516,0.031438988,0.018025432,0.27142495,0.14326091,0.07078874,0.07689164,0.0035996977,0.031091467,0.0042808214,-0.0,0.0411241
0.18754579,0.04664515,0.022102654,0.012652716,0.009976873,0.02451546,0.014430292,0.0010235802,0.049612273,0.0689908,0.048894826,0.2436344,0.0013360342,0.03844182,0.06549522,0.083406754,0.022542369,0.08093412,-0.0,0.03518088
0.048588566,0.051366262,0.11889435,0.08812106,0.010220194,0.034287397,0.07835021,0.0047780643,0.1814963,0.070647895,0.05114881,0.030785725,0.017085774,0.041281722,0.05095887,0.019569848,0.07096562,0.004915548,0.05234084,0.027572814
0.033738606,0.05385744,-0.0,0.027623555,0.02232176,0.021432828,0.11052664,0.11747292,0.013847277,0.02226163,0.053812068,0.014326724,0.078804955,0.030442022,0.09647824,0.018251432,0.02280451,0.004823669,0.024786131,0.04058727
0.01985369,0.036454532,0.11118271,0.025952885,0.044281524,0.07052424,0.0653658,0.05500419,0.097268395,0.07539583,0.039628126,0.024838839,0.15160443,0.02782535,0.043008935,0.051638395,0.072567575,0.012715528,0.10288183,0.042892274
0.021929836,0.02816513,0.10923591,0.0684851,0.0034632408,0.042830374,0.0023533404,0.04911536,0.16948183,0.048667923,0.041991673,0.024082989,0.07830562,0.07984715,0.15543532,0.061013624,0.015245891,0.056197535,0.053337187,0.05578554
0.09682638,0.046051633,0.052288365,0.012851069,0.024210133,0.097748265,0.05523726,0.02681556,0.18835644,0.044992737,0.014228002,0.023481485,0.06753701,0.055233695,0.11241105,0.06434462,-0.0,0.060492333,0.010805749,0.035949983
0.0033533326,0.029349241,0.06191892,0.019058317,0.06754947,0.028259901,0.00441945,0.021096341,0.06708079,0.006134669,0.03321633,0.000834706,0.14043865,0.0028499532,0.058713287,0.014624127,0.01573712,0.06876584,0.0073950444,0.033758394
0.107723616,0.025166715,0.031250402,0.026461175,0.01576856,0.0032203572,0.044858884,0.07056347,0.00045709588,0.033609446,0.057531476,0.006524742,0.25514686,0.06461234,0.24222594,0.04496621,0.039536506,0.011851462,0.017885873,0.008482148
0.050986625,0.052662186,0.045276746,0.009973403,-0.0,0.034077793,0.031051729,0.17178664,0.06482374,0.13358168,0.010033598,0.0129382275,0.13147798,0.14922039,0.17956908,0.06738336,0.0028663492,0.13243474,0.037475538,-0.0
0.003498781,0.020097177,0.044656895,0.015981806,0.027044706,0.017830439,0.08002187,0.22036768,0.11975979,0.22372957,0.067548,0.0071675065,0.020672148,0.0023315826,0.06885142,0.007258505,0.050441377,-0.0,0.079349905,0.038905807
0.030691562,0.008982991,0.038105942,0.0023605477,0.0017320015,0.0023267127,0.040543105,0.36283582,0.07230973,0.30430844,0.013807206,0.081147216,0.059338167,0.03522197,0.070197046,0.047927365,0.042912,0.03815573,-0.0,-0.0
0.25781474,0.020705044,0.017188396,0.05732141,0.0112384055,0.002176545,0.05175035,0.030004963,0.054275714,0.08127529,0.0015441125,0.15219927,0.045293465,-0.0,0.053460244,0.03994591,0.03314296,0.027685223,0.0049247113,0.029673763
0.026757931,0.005571039,-0.0,0.02899922,0.053453512,0.048151202,0.026840886,0.07052157,0.050563544,0.06793074,0.047681093,0.046949115,0.19968379,0.10510311,0.046004847,0.034857873,0.027035613,0.03711874,0.0029046459,-0.0
0.031703267,0.011751877,0.10328824,-0.0,-0.0,0.02602001,0.05067597,0.24127075,0.24307714,0.12917122,-0.0,0.017900363,0.012207832,0.03642362,0.10939081,0.045699906,0.037941985,0.00036240858,-0.0,-0.0
0.02907623,0.003406926,0.12550136,-0.0,-0.0,0.00015456346,0.07905825,0.120946005,0.12439889,0.026528824,0.018126989,0.02328989,0.057635818,0.07511839,0.24869974,0.08980871,-0.0,0.036913518,-0.0,0.003561874
0.048588682,0.0182076,0.09061278,0.015997425,0.08609364,0.030110773,0.010599213,0.07939692,0.015186784,0.003795439,0.011234952,0.046911262,0.2618683,0.01579931,0.1535781,0.014279653,0.028254403,0.03079119,0.012319964,0.029003693
0.07571811,0.0007317446,0.07166848,0.0012833629,0.0071217692,0.007994085,0.032528646,0.13562183,0.15930954,0.092050835,0.0043288856,0.0055797086,0.05212282,0.09013287,0.22003143,0.104442775,0.03681951,0.0018338249,0.030827137,0.043944098
0.0034270426,0.06098538,0.0359753,0.049733844,0.03412131,0.06025905,0.06998028,0.11266025,0.024921002,0.032665003,0.13193749,0.0030076678,0.15274712,0.0256375,0.010418699,0.075141594,0.09644723,0.013564644,0.0730918,0.060781844
0.06487383,0.028593304,0.0069278255,0.044864967,0.04067441,-0.0,0.06509075,0.16468778,0.040088862,0.085862115,-0.0,0.044073388,0.06381498,0.0045528123,0.06374152,0.017543674,0.029493842,0.048406985,0.010646868,0.01926346
-0.0,0.05208267,0.020255417,0.026536288,0.056863293,0.06560992,0.035524506,0.13509588,0.053600557,0.113548175,0.02593755,-0.0,0.021596715,0.058817692,0.03554517,0.037374765,0.03978538,0.01890263,0.04019528,0.03311084
0.07646471,0.08559415,0.012541237,0.0026219217,0.033009052,0.012213128,0.0707141,0.080472454,0.012846313,0.05426922,0.018283898,0.06599071,0.03464104,0.06800111,0.19149981,0.026671395,0.07439307,0.0014872937,0.08367518,-0.0
0.05324811,0.070404,0.14866127,0.040706746,0.048440855,0.06826868,0.10406082,0.13420314,0.06051795,0.0456705,0.054563846,0.005836621,0.07590582,0.005101457,0.2846351,0.04062383,0.024804767,0.076316364,0.0594657,0.03798227
0.23195927,0.04146164,0.0014933753,0.10507248,0.017307496,0.049785912,0.013646557,0.0500448,0.005245576,0.09865172,0.045131173,0.16639613,0.0048312815,0.038422335,-0.0,0.030739931,0.027421582,0.04966534,0.08905427,0.029887954
0.015212409,0.00027010293,0.04019529,0.0007804957,0.0398774,0.00354344,0.014177317,0.25634363,0.14240679,0.23197465,0.04220115,0.030788852,0.010079584,0.0106470855,0.124802865,0.04047069,0.021114286,0.004801863,0.07358475,0.047539897
0.017904669,0.02459788,0.029595552,0.036516603,0.0812217,0.011608524,0.060194258,0.17250411,0.07735082,0.1134745,0.032606088,0.021154972,0.0142309945,0.007316696,0.01420355,0.0033871138,0.0739746,0.059366375,0.05001081,0.08068337
0.05832699,0.05569637,0.026096342,0.038158096,0.04263762,0.006456958,0.101347,0.2347961,0.015782513,0.01715582,0.074276656,0.06041498,0.17951497,-0.0,0.24136025,0.08177741,0.02647251,0.06579132,0.021933977,0.010582436
0.05855574,0.06913378,0.19592167,0.04728153,0.055993535,0.029613925,0.041633323,0.025930759,0.116773196,0.013037665,0.04519846,0.0445355,0.006142181,0.013103515,0.14818266,0.021339344,-0.0,0.063686274,0.08408705,0.024232527
0.0004904761,0.011368778,0.0048291543,0.027591422,0.05053665,0.051154453,0.010657573,0.1479714,0.08233777,0.020655334,0.036502477,0.043023113,0.024474757,0.010511197,0.14944069,0.015798409,0.004997897,0.01569283,0.10792505,0.0099085625
0.03873065,0.06139569,0.14186339,0.0561114,0.05907648,0.073167995,0.07097905,0.09255419,0.13274482,0.03939171,0.039157618,0.041305155,0.036704175,0.0013139525,0.11593381,0.0067068734,0.048154254,0.011261484,0.041887127,0.015675033
0.10503993,0.007532539,0.010952167,0.047007333,0.029594466,-0.0,0.016567066,0.06292366,0.0007159853,0.06801262,-0.0,0.06464879,0.23084144,0.10795787,0.07274632,0.08137881,0.09748443,0.07906032,0.04127064,0.009286884
0.0034026834,0.0324305,0.00864833,-0.0,0.011415058,0.06636923,0.057257976,0.10735299,0.006429516,0.04191585,0.013742089,0.0032523028,0.083579436,0.0026678476,0.16516104,0.020158624,0.034586977,0.042642143,0.06277663,0.09242416
0.046675153,0.07833496,0.11092424,0.046213686,0.05171452,-0.0,0.0073266397,0.032518398,0.094489135,0.044256333,0.046673067,-0.0,0.04267637,0.017901417,0.15627456,0.011532324,0.019599326,0.039350543,0.0010048687,0.041076668
0.06505708,0.009339387,0.06122706,0.06066549,0.027949257,0.05386633,0.06782263,0.072707675,0.013501683,0.016377304,0.051766437,0.048944287,0.26685473,0.045655075,0.1430797,0.03366341,0.017300503,0.045869455,0.010428509,0.009252085
0.28525233,0.034282226,0.023187589,0.019392315,0.018245662,-0.0,0.069894575,0.010344174,0.0032500178,0.016821252,0.0059059234,0.18026672,0.09198614,0.05001514,0.029982585,0.008378057,0.052036546,0.0056487853,0.009890089,0.04487594
0.033136398,0.025698675,0.08024423,0.034264315,0.040946104,0.08174566,0.06017285,0.09351195,0.009359543,0.0023625523,0.06271278,0.1045316,0.26878154,0.0016084154,0.18642357,0.0015097798,0.115641505,0.090180926,0.012665349,0.026557637
0.014161556,0.036273584,0.024062049,0.019860867,-0.0,0.065048866,0.067542285,0.31817198,0.10762128,0.050393105,0.023787595,0.05184202,0.0076021543,0.0039688796,0.0933185,0.01069319,0.058862437,0.0001493619,0.021534545,0.03831158
0.060309056,-0.0,0.001721624,0.0057471697,-0.0,0.06347218,0.0020997245,0.2577164,0.10102128,0.23746695,0.079689525,0.030831171,0.031597093,0.029594759,0.09062496,0.033393607,0.015287091,-0.0,0.042024218,0.007230426
0.011449664,0.041103166,0.05065178,0.050433613,0.056710035,0.07158404,0.05360539,0.029654842,0.024317743,0.012832095,-0.0,0.126287,0.27335536,0.044724032,0.19733022,0.055626363,0.05703189,0.061687537,0.039885044,0.039019726
0.03552487,0.024312887,0.081214674,0.021334145,0.0048227096,0.0655367,0.013574135,0.13742304,0.049440194,0.03371494,0.001027724,0.092287645,0.11580002,0.10279278,0.2561494,0.02381345,0.038015746,0.017961409,0.043359492,0.027661815
0.048051093,0.007972412,0.071009226,0.032072928,0.030799685,0.010574818,0.09524698,0.14324813,0.11413918,0.040548977,0.028615551,0.027314099,0.11175443,0.088106915,0.14750391,0.039764345,0.06712368,0.07003396,-0.0,0.019615592
0.07778234,0.0685388,0.13522522,0.018669846,-0.0,-0.0,0.10019079,0.007638797,0.046868637,0.07439924,-0.0,0.033106137,0.11486892,0.03449757,0.21243808,0.04729238,0.027864646,0.03665964,-0.0,0.02879962
0.0010876002,0.07284752,0.0939235,0.0066245515,0.055766564,0.019935565,0.06271585,0.14656498,0.07051444,0.12801287,0.048465014,0.006386914,0.04731853,0.03527579,0.12510762,0.022727808,0.07781658,0.02035697,0.04340516,0.02641847
0.06040946,0.09519222,0.011476068,0.000427476,0.012518483,0.05920381,0.006284446,0.17619768,0.11557161,0.26913592,0.00958807,0.040580124,0.024211964,0.028095819,0.040111247,0.01733263,0.016737266,0.005008337,0.05896562,0.045871306
0.010580545,0.010862285,0.016876832,0.032485593,0.027066423,0.033613723,0.026148316,0.060860805,0.04885971,0.049963474,0.03427006,0.03340973,0.033569075,-0.0,0.15836151,0.028787505,0.015442997,0.011735793,0.008702567,0.025320996
0.17267978,0.013138486,0.048521068,0.06043261,0.04485956,0.017164504,0.060421374,0.034183495,0.031877704,0.013614616,0.02026087,0.23865406,0.050988514,0.00035019076,0.038357493,0.02202966,0.033924397,0.07665235,0.048365206,0.018583825
0.032841854,0.03512383,0.17916135,0.00077234575,0.08318742,0.012851515,0.013981374,0.15537341,0.18847251,0.031509254,0.0058632786,0.022283418,0.06376186,0.022725595,0.08184312,0.084177226,0.05601107,0.05625937,0.016586863,0.017526628
0.036672696,0.0033233906,0.12818393,0.04544048,0.042531665,-0.0,0.027357975,0.041691307,0.08358331,0.019515581,0.004173249,0.01941678,0.20133723,0.037809093,0.28916377,0.015896251,0.005953415,0.087119915,0.07860407,1.5230504e-05
0.053068176,0.038130008,0.11273937,-0.0,0.009127161,0.018041773,0.035698,0.12264573,0.15304232,0.13344355,0.03050622,0.026857516,0.057689313,0.03503119,0.083227076,0.03689454,0.046650734,0.052873995,0.06035437,0.026560117
0.04325001,0.05333645,0.04579212,0.03452753,0.06616829,-0.0,0.020757694,0.037388116,0.24379054,0.17900003,0.103256896,0.0503323,0.05878164,0.05431648,0.039157785,0.016935233,0.080109164,0.076830864,0.043709617,0.030322343
0.004902579,0.043500353,0.008178235,0.058028128,0.088033326,0.00027569415,0.024539992,0.10595877,0.170095,0.07165618,0.050982613,0.03110852,0.06191756,0.017399458,0.15964481,0.026104983,0.09214382,0.060379658,0.03561812,0.0582141
0.05041075,0.014615945,0.16808268,0.055259455,0.03702786,0.008084299,0.016222011,0.10284533,0.073564634,0.12899539,0.032530077,0.026706535,0.1549167,0.031359896,0.16392645,0.027138095,0.0402244,0.054434977,0.08247766,0.052435614
0.0041333763,0.059527595,0.066512994,0.03704102,0.04747606,0.03311895,0.0883376,0.06797182,0.06981098,0.033653796,0.020759672,0.034828734,0.094217144,0.0137429945,0.15231244,0.00035244192,0.0052499548,0.100944005,0.035746258,0.06312774
0.066113286,0.054728974,0.033123557,0.03837677,-0.0,0.039568473,0.031738188,0.091625944,0.13988453,0.012482412,0.035871156,0.07193456,0.104670495,0.021470482,0.11810831,-0.0,0.017240591,-0.0,0.0501359,-0.0
0.019642245,0.0098518105,0.2908892,0.02570542,0.027911618,0.033292282,0.095826656,0.03230892,0.15601945,0.0024177302,0.013482144,0.075206,0.034771007,0.11926522,0.16826746,0.08368105,0.034022953,0.014053117,0.019340381,0.051378984
0.043656047,0.019240405,0.021052577,0.015265642,0.03154002,0.04722764,0.11890699,0.13280427,6.1780775e-05,0.004986689,0.038649756,0.019242065,0.25090945,0.02469849,0.09322751,0.017934008,0.02754355,0.030008525,0.021193689,0.011269738
0.23762408,0.059486162,0.13072282,0.07532088,-0.0,0.05845851,0.09574353,0.011327597,0.11840326,0.020831216,0.054024026,0.21763268,0.006554724,0.018871497,0.0018673731,0.060187463,-0.0,0.026854262,0.013828876,0.087387934
0.02110015,0.017095122,0.042879164,0.021216847,0.036830466,0.000942315,0.046007514,0.07030311,0.0800915,0.0043883333,0.031349223,0.049819518,0.015355846,0.00012972637,0.031504564,0.02091235,0.07878052,0.026444832,0.032204606,0.014439785
0.007343981,0.07392999,0.28286406,0.056909636,0.05552151,0.029710751,0.0036784303,0.051777933,0.39334968,0.030278876,0.020174362,0.08182892,0.014966015,0.038301487,0.022509845,0.121764734,0.010767589,0.06673328,0.018154435,0.052580275
0.06247503,-0.0,0.06052153,0.01181184,0.022501754,0.068919435,0.06557744,0.015573701,0.15433733,0.009235496,0.08866043,0.0043133586,0.11038436,0.0039674565,0.19262934,0.05384801,0.0111862505,0.019282574,-0.0,0.001850578
0.06541545,0.010943506,0.019313093,0.0024030067,0.0015284787,0.05871423,0.11342861,0.07321766,0.052936528,0.03840257,0.0011462464,0.09845312,0.11845355,0.09840535,0.033607725,0.13079199,0.041319843,0.062094886,-0.0,0.00032687056
0.0027681964,0.09798449,0.30253243,0.010841027,0.019924687,0.04414473,0.071176395,0.08554117,0.0072364695,0.0009242386,0.054573562,0.00090818515,0.13698673,0.03154906,0.20321803,0.109972544,0.0659097,0.045868497,0.0158439,0.0114586465
-0.0,0.0106897345,0.0666455,0.0057391804,0.0041746926,0.0017106094,0.04926514,0.079245664,0.10806344,0.14560494,0.015197663,-0.0,0.006129942,0.09563862,0.100689925,0.11456918,0.046835396,0.009922618,0.07107642,-0.0
0.006826758,0.05289566,0.038052324,0.0053711915,0.012175527,0.026649293,0.018589716,0.09890321,0.09999074,0.0686027,0.035867065,0.089892074,-0.0,0.05543246,0.12885499,0.07434406,0.051482413,0.053151265,0.04357605,0.01949296
0.03333139,0.047902346,0.111035526,0.010963534,0.035222776,0.0070937146,0.07342594,0.07807826,0.13260037,0.05386703,0.0029347427,0.035577495,0.031855654,0.013258232,0.088362604,0.020896059,0.06948603,0.010674743,0.009696923,0.011989856
0.01604999,0.015089555,0.14887573,0.02868686,0.013828381,0.031739775,0.040747512,0.015972985,0.12343444,0.049308848,0.02642675,0.042727247,0.06669128,0.051427495,0.05090961,0.03355764,0.023432283,0.031588424,0.048365973,0.03841057
0.104215205,0.03202161,0.005050351,0.047736816,0.021917086,0.020507481,0.055955358,0.17515746,0.12144497,0.0823699,0.0057733185,0.048390944,-0.0,-0.0,0.053382076,0.0135401,0.08181787,0.03565759,0.02837413,0.015320761
0.2994038,0.018543765,0.06817787,0.00903622,0.015023246,0.056964677,0.020397333,0.0038961775,0.02690506,0.006809244,0.018852707,0.20870173,0.08829417,0.027959432,0.015359381,0.023412973,0.05346008,0.0468979,0.009696072,0.016609326
0.06458756,0.00027989078,0.0105237495,0.023923513,0.03760773,0.020169541,0.0657261,0.22860666,0.014595677,0.07985109,0.01915298,0.042903993,0.0009052081,0.020624824,0.15979466,0.033497885,0.030946108,0.027013402,0.04700085,0.016234156
0.023186872,0.032071743,0.09145542,0.096250094,0.076701656,0.0020842156,0.06452801,0.0023944012,0.043948457,0.043320775,0.02283656,0.022969494,0.34812382,0.068000264,0.15003973,0.10445202,0.09816449,-0.0,0.078702115,0.08256076
-0.0,0.04110233,0.06996825,0.04903479,0.06324249,0.07376086,0.065970056,0.016032802,0.011793269,0.025895093,0.03312156,0.032782804,0.13908681,0.0115512945,0.113200985,0.033330396,0.0676961,0.03507694,0.055346414,0.04295509
0.033575904,0.0053399154,0.042454656,0.009222256,0.08337336,0.01113313,0.04800589,0.008720534,0.062286094,0.055760067,0.0797693,0.023756668,0.087572224,0.045752518,0.15564764,0.03687373,0.0018126618,0.04476958,0.0065706656,0.02869058
0.051874813,0.013945617,0.09292052,0.014121586,0.014715631,0.010891842,0.122043595,0.16993742,0.20075394,0.26351887,0.028035818,0.0011385495,0.046446867,0.048811026,0.13625525,0.13718787,0.026550427,0.07552768,0.03943824,0.012014605
0.0033704827,0.047961615,0.07413723,0.016904708,0.05921487,0.061870217,-0.0,0.12661396,0.03526198,0.016774481,0.019865109,0.036272176,0.029213645,0.07665868,0.19366273,0.041199386,0.02252179,0.030834928,0.04238285,0.027789194
0.06567168,0.013891706,0.045048445,0.0016397054,0.0011965866,-0.0,-0.0,0.024047986,0.029878534,0.056543056,0.041041374,0.0096363425,0.12256346,0.02995284,0.103433944,0.025723618,0.01688869,0.07426405,0.010324872,0.0064203674
0.04606237,0.011018618,0.08160545,0.0035594748,0.006268569,0.0015911593,0.04059596,0.072998814,0.014509072,0.007067059,0.0043167444,0.03826347,0.0051108063,0.049385868,0.10252636,0.045585725,0.0051151793,0.040809948,0.004310399,0.03339698
0.041562628,0.092144825,0.31600207,0.048429355,0.020380523,0.1376056,0.051497184,0.057244018,0.037423857,0.054830067,0.065094225,0.0269888,0.09252995,0.0538302,0.09185288,0.04663346,0.036172938,0.09849048,0.096889384,0.041844834
0.12305576,0.0070010033,0.00070242595,0.019816367,0.044120558,0.09424409,0.0255979,0.26847655,0.122989796,0.20514038,0.006554431,0.011701187,0.0736057,0.0008957991,0.05205661,0.003984175,0.047121067,0.057308633,0.008420242,0.0074561494
0.21204446,0.042168863,-0.0,0.068912305,0.034701794,0.081885986,0.022931775,0.03878256,0.025565406,0.07144936,0.07632488,0.22984965,0.014521632,0.07189232,0.0045993184,0.03289322,0.12525198,0.06052976,0.032319233,0.037000075
0.03640765,-0.0,-0.0,0.0045868154,0.032423835,0.05433934,-0.0,0.09540479,0.101267576,0.08570585,0.041175235,0.008781981,0.147781,0.005427047,0.20030122,0.056191187,0.06318408,-0.0,0.010418859,-0.0
0.0015863572,0.070973866,0.17472157,0.04417554,0.09032803,0.060267538,-0.0,0.104246475,0.13245489,0.12042981,0.07610411,0.0015077313,0.06712685,0.023588069,0.10652086,0.011559137,0.005714798,0.022739338,0.06476878,0.0373598
0.019385468,0.0061550685,0.0191487,0.010122081,0.04670483,0.010273969,0.022487223,0.0030215203,0.0022529284,0.045953825,0.045272376,0.043875065,0.3034826,0.09640431,0.041256715,0.07446014,0.07879692,0.026305264,0.035055336,0.015206837
0.026272018,0.03050691,0.14397232,-0.0,0.056160443,0.015766732,0.013328156,0.01687564,0.027033092,0.041013032,0.016676402,0.033828825,0.17481971,0.17099735,0.17922744,0.11061534,2.0682703e-06,0.0128949825,0.0041756667,-0.0
0.07973269,-0.0,0.08531188,0.017073145,-0.0,0.043469116,0.0026335716,0.07968817,0.039902963,0.06356307,0.041801065,0.026464025,0.024133584,0.033078138,0.2617769,-0.0,0.019307312,0.00023198444,0.032805886,0.050189674
0.04880322,0.029008029,0.1516979,0.07735961,0.0007638082,0.015819015,0.008893545,0.04412295,0.17208686,0.0475261,0.0032449258,0.07542659,0.009709768,0.0002502155,0.017062895,-0.0,0.01923531,0.0043061366,0.057869744,0.033663522
0.054982606,0.03735016,0.00020856781,0.042412564,0.024280244,0.02693183,0.0072541195,0.08063205,0.034528177,0.07751766,0.041355513,0.08622321,0.100893244,0.026873527,0.11993166,0.013841857,0.00024359442,0.040274203,-0.0,0.0014983453
0.014150516,0.03542572,0.10411907,0.031710763,0.026847374,-0.0,0.07393888,0.019803284,0.015377861,0.0003473666,0.028058544,0.12589063,0.17792408,0.0015200101,0.07600204,0.02658699,0.093875095,0.019167809,0.024632659,0.0025241072
0.05675548,0.031536493,0.00020564505,0.023241688,0.00017428145,0.043534096,0.06260581,0.09369004,0.07421913,0.021291817,0.056913584,0.055314887,0.049207132,0.012622831,0.069299705,0.056861274,0.04328456,0.02197544,0.013555452,0.02963932
0.010981644,0.036948808,0.13515423,0.035326008,0.025254207,0.070985906,0.032621212,0.05498442,0.048116915,0.04430634,0.070527345,0.008730894,0.077288635,0.095896214,0.09525067,0.10415984,0.094199024,0.024378397,0.06355392,0.039170578
0.31452578,0.019534813,0.07254866,0.045883447,0.018720044,0.06244537,0.081864074,0.034749914,0.07721537,0.13494071,0.012557581,0.2542275,0.16579881,0.07277026,0.030739617,0.02909598,0.10773753,0.050191488,0.03751265,0.088295676
0.0065074502,0.05674866,0.09529873,0.036111876,0.13034599,0.05505982,0.0342506,0.13136607,-0.0,0.045880213,0.027495312,-0.0,0.20768675,0.039747562,0.18801475,0.070585884,0.015717598,0.039056335,0.033861913,0.050259512
0.044582896,0.029683793,0.06099621,-0.0,0.02260398,0.082873516,0.048458155,0.010513661,0.033065118,0.03100913,0.07491676,0.048290763,0.23305686,0.034908365,0.14607279,0.05742201,0.072877176,0.03550732,0.04665697,0.0025867575
0.033443157,0.044226572,0.04503244,0.054312587,-0.0,0.06928557,0.011160082,0.021115663,0.02570564,0.037936736,0.04599305,0.01186715,0.14240302,0.104713224,0.22103517,0.02961712,-0.0,0.006670446,0.027424319,0.025616817
0.0056773527,0.036267083,0.099373296,0.03959021,-0.0,0.03724231,0.026621716,0.09054828,0.1746552,0.1838737,-0.0,0.011268642,-0.0,0.0684298,0.18347329,0.06931347,-0.0,0.071033426,-0.0,0.024103938
0.047635242,-0.0,0.08662967,0.0034427608,0.04393799,0.022739762,0.09138481,0.11888805,0.07477602,0.0698584,0.021397693,0.00848994,0.061291467,0.0068569803,0.23037681,0.013959617,0.0067490935,0.017164433,0.015055191,-0.0
0.100167826,0.062655896,0.14164919,0.10950083,0.021109441,0.011747892,0.023024254,0.06745784,0.08527902,0.023953548,0.063939475,0.07018828,0.11921664,0.021476617,0.183417,0.0057524173,0.061110236,0.034745246,0.016840335,0.052146174
0.011597792,0.01589349,0.205222,0.009639461,0.027821861,-0.0,0.017249601,0.020513881,0.12184585,0.04858602,0.019508606,0.02982728,0.019494552,0.09785168,0.15203214,0.063776806,0.07708334,0.0014349027,0.040506642,0.00016751752
0.007840156,0.01923388,0.09857996,0.043820865,0.00068764016,0.0046395287,0.012734806,0.09107463,0.1297329,0.026035082,0.00070712063,0.09857753,0.13890228,0.056792405,0.29633632,0.0690562,0.013461903,0.058912516,0.024497129,0.033477914
-0.0,0.015506199,0.026467849,0.06553264,0.06985047,0.036306053,0.070218764,0.14178951,0.017839389,0.035233323,0.06967572,0.0074247383,0.07860221,0.08172832,0.24551624,0.098518744,0.014178983,0.03139231,0.01849796,0.03219735
0.061812956,0.026895193,0.056826524,0.030233454,0.048200164,0.04392018,0.018451422,0.1034393,0.2543098,0.18357119,0.015943002,0.015011453,0.034177836,-0.0,0.16973479,0.019559268,0.050657213,0.006096223,0.06691777,0.004103403
0.2687405,0.041532695,-0.0,0.04094993,0.03396051,0.056136705,0.045381535,0.10013444,0.0766988,0.08114219,0.0068075713,0.2990659,0.09598048,0.06621555,0.05104405,0.040984593,0.06341668,0.058385696,0.0019112482,0.035391334
0.012231809,0.013963927,0.006801534,0.062291414,0.012083312,0.045929864,0.022096599,0.07996184,0.068447754,0.05755907,0.011964643,0.065636106,0.02042064,0.01795716,0.108462006,0.06644628,0.03743893,0.047990073,0.032823287,0.0018115081
0.0036531321,0.017675329,0.19723324,0.0039787646,0.05032405,0.010810092,0.10854511,0.04630889,0.045325626,0.12016257,0.0068303393,-0.0,0.049039975,0.0017020032,0.09907105,0.044657,0.077638954,0.010576562,0.017409232,0.004708845
0.0010821476,0.014583245,0.09160906,0.013168698,0.097463295,0.027346367,0.09618846,0.19059545,0.20798816,0.11107599,0.04091248,0.012977566,0.03684822,0.01705053,0.035583545,0.025081215,0.023888005,0.066209495,0.029033411,0.06523111
0.063009664,0.04033306,0.16774501,1.303764e-05,0.0008172104,-0.0,0.041141026,0.061527036,0.07329076,0.05785776,-0.0,0.05762995,0.022029972,0.07240302,0.1415687,0.10528969,0.009334631,-0.0,0.032902367,-0.0
-0.0,0.056069095,0.016070116,0.044166043,0.0715319,0.06328163,-0.0,0.09715142,0.0077465777,0.025634965,0.044611167,0.022971092,0.013998819,0.03686318,0.1685203,0.10472315,0.004634209,0.03495673,0.055604123,0.072624296
0.0030281781,0.019571299,0.078104645,0.039232977,0.017784465,0.0010521974,0.096619114,0.15755446,0.09139385,0.1371663,0.12544025,0.0061949156,0.013306747,0.041879978,0.14918233,0.16293727,0.03670413,0.005185915,0.018761434,0.003017185
0.05689484,0.02037603,0.14919207,-0.0,0.012774206,0.07305277,0.029842906,0.055036042,0.059842546,0.024457231,0.0016421028,0.057717435,0.042484984,0.062475193,0.18447813,0.021346489,0.024908306,-0.0,0.009953564,0.019420376
0.087448776,0.00082176365,0.025294792,-0.0,0.019888146,0.1378128,0.031693213,0.19741693,0.0516379,0.04906136,0.011649079,0.101146385,0.04827771,0.011366162,0.12771459,0.024129769,0.047727335,0.07202349,0.0021432112,0.016453134
0.016580535,0.03651004,0.050132226,-0.0,-0.0,6.139412e-05,0.042631622,0.30211923,0.0622096,0.089383684,0.04478242,0.013623867,0.04689563,0.077181034,0.07999045,0.02276101,0.06619825,0.0066321287,0.03237061,0.0034472058
0.08533095,0.02775196,0.019739475,0.016493557,0.022206672,0.09349064,0.018031117,0.14341639,0.053348158,0.14448294,0.006622119,0.020966198,0.039878096,0.0006459333,0.11292616,0.0010068547,0.0053886576,0.038483378,0.0237852,-0.0
0.23336172,0.121906795,0.10910982,0.04710211,0.08419133,0.0015393391,0.022904858,0.018404199,0.023045434,0.01393146,-0.0,0.20132425,0.052068044,0.12561586,0.0028151572,0.1139477,0.07484844,0.015708506,0.0061708754,0.057260275
0.10247984,0.028962774,0.19909336,0.010119773,0.043477323,0.018096205,0.05885419,0.057982583,0.1251047,0.102273144,0.0067931353,0.23585731,0.05323197,0.044157006,0.056591537,0.075916946,-0.0,0.07294741,0.058683734,0.08802435
0.012504531,0.033959936,0.0054133963,0.0019325524,0.045540757,-0.0,0.0024561798,0.1165647,0.040717315,0.097956926,0.016831828,0.042263236,0.007314351,0.06884173,0.037097804,0.059359368,0.02064182,-0.0,0.013369148,0.0018750923
0.04904405,0.05361954,0.10206031,0.058198594,0.0574199,0.12171025,0.038946923,0.028031297,0.053248975,-0.0,0.015108282,0.037561554,0.0126382215,0.04810498,0.11341131,0.07390801,-0.0,0.04785793,0.02077375,0.029429458
0.020870728,0.018212248,0.055664152,0.010348786,0.024530856,0.020917613,0.10621826,0.22309126,0.11711737,0.122362606,0.04868668,0.009631401,0.008879824,0.07886397,0.11700011,0.046791583,0.108371526,0.03104643,0.02865757,-0.0
0.121128984,0.072175115,0.12907076,0.022764439,0.043289028,0.031710993,0.12098596,0.12193356,0.13818836,0.22894141,0.027732113,0.01716797,0.002675385,0.06561614,0.1175777,0.08222611,0.11317726,0.0019756695,0.02767988,0.0048879096
0.00020390644,0.041528046,0.19288166,0.052181464,0.033511274,0.0050380635,0.030025322,0.020831386,0.08038808,0.06679841,0.01909849,-0.0,0.056634586,0.051809687,0.16010968,0.0085498,0.01870112,0.044680655,0.03099235,0.01342657
0.0025822108,0.052423008,0.15217295,0.042756516,0.07435965,-0.0,0.013998127,0.09738199,0.15527377,0.023652358,0.024754865,0.013410875,0.06996964,0.026127726,0.19075826,0.05836109,-0.0,0.030703902,0.054277636,0.054704886
0.028497312,-0.0,0.09066737,0.05063602,0.024984028,0.013854024,0.09759993,0.02305698,0.009784616,0.025002096,0.0029733249,0.027550915,0.19269668,0.029633343,0.14929032,-0.0,0.05072467,0.034291524,0.038723774,-0.0
0.068775564,0.0142045915,0.11118001,0.021042608,0.079071105,-0.0,0.05743994,0.16127719,0.11332775,0.15433498,0.01452515,0.057146844,0.07101726,0.060660023,0.20499445,0.04692547,0.10112591,0.026897132,0.020802153,0.012191874
0.020061692,0.006545686,0.123718515,0.022551347,-0.0,0.02646186,-0.0,0.12663114,0.039327152,0.025371054,-0.0,0.019782074,0.02950139,0.102505706,0.21444184,0.02805853,0.0025833473,0.05963078,0.07603137,-0.0
0.039441,0.04329815,0.11287278,0.05899707,0.017821401,0.025834717,-0.0,0.08681214,0.122613624,0.002624902,0.03202141,0.06675913,0.08811148,0.088639565,0.1853029,0.09006347,0.12848023,0.03161524,0.03502221,0.05441567
0.25217065,0.020757556,0.01045795,0.07506092,0.03079516,0.048580367,0.066284634,0.03410287,0.016663263,0.008047776,0.016702054,0.26836157,0.05458275,0.03609556,0.037157714,0.0081926985,0.013142277,0.009940546,0.04196425,0.0019309378
0.059302215,-0.0,0.2223536,0.014552385,0.041716255,0.057310868,0.06730641,0.003375532,0.033833124,0.055254668,0.013388062,0.024551664,0.049094357,0.057180557,0.06584201,0.01193665,0.08969008,0.018029107,0.0028296353,-0.0
0.025062652,0.0034984364,0.05691502,0.013199506,0.007925306,-0.0,0.06384857,0.1523247,0.027721869,0.061276823,0.005303318,0.024538936,0.055426233,0.014081724,0.13521598,0.020055076,0.045557898,0.048955474,0.002352486,0.006482136
0.010203154,0.009444827,-0.0,0.013701926,0.036007717,0.00015455336,0.006163004,0.12728827,0.11985874,0.23791884,0.0788819,0.004986378,0.031308237,0.07694066,0.10373591,0.075575635,0.013734489,0.058799207,0.043780524,0.026738517
0.0084525235,0.003605536,0.16006392,0.052866083,0.025398072,0.024723487,0.047922365,0.014005952,0.07106431,0.0056508137,0.050105166,0.020303633,0.10669016,0.024563555,0.15147196,0.10846671,0.033415966,0.058646664,0.00970598,0.058532428
0.0003870303,0.028322157,0.021688234,0.017198445,0.02847861,0.022252716,0.03773446,0.090378255,0.033049896,0.029568112,0.0067978757,0.09296861,0.14297196,0.01773754,0.16849369,0.011599681,0.039197605,0.012285842,0.009581081,0.05899994
-0.0,0.01739397,0.06728865,0.0036442236,0.068645544,0.043619163,0.0039769844,0.17166355,0.11485991,0.11666153,0.03757092,-0.0,0.0324665,0.06522884,0.03701981,0.059490938,0.101458356,0.01866105,0.049970977,0.0030171643
0.04645992,0.011060009,0.0970409,0.011911172,0.0020005864,0.013638805,0.014114725,0.22677478,0.02745319,0.29560065,0.007731338,0.05536466,0.03296454,0.11560602,0.112850256,0.12619762,0.021266472,0.041331563,0.058538295,0.0038259197
0.017800462,0.0054050433,0.010914657,0.025998615,0.022884523,0.019984724,-0.0,0.11307998,0.19810987,0.015393843,0.059469413,0.033038195,0.06829945,0.071545295,0.12300679,0.09780444,0.033916973,0.02391439,0.024364837,0.009762999
0.014414077,0.002797651,0.13440481,0.016402828,0.035209093,0.07223705,0.08974122,0.11992622,0.00025993705,0.09605001,0.07082656,0.0375598,0.07076264,-0.0,0.09398331,0.008056586,0.03017025,0.053653356,0.0029787293,0.0055080284
0.014974051,0.01843715,0.14856069,0.012190709,0.030729707,-0.0,0.11612925,0.012141874,0.00921204,0.01128504,0.027085273,0.018123224,0.024968838,0.019332169,0.12683344,0.07041262,0.10159527,0.01301653,0.03337862,0.05480941
0.20193705,0.046993926,0.053466313,0.06982585,0.013150655,0.03582419,0.012128916,0.013352684,0.004137102,0.003301628,0.11327001,0.28448582,0.07740458,0.043862537,0.025449416,0.008189863,0.022706673,0.034012433,0.014697454,0.051442463
0.043861028,0.011686071,0.20544805,0.01960842,0.010558012,0.0083507905,0.12024989,0.08065333,0.066492006,0.050600015,0.043195274,0.07587837,0.2912176,0.013032006,0.15806271,0.07385599,0.055995833,0.0016031442,-0.0,0.017835015
0.059835948,0.0047124987,0.24091415,0.041605446,0.004976073,0.009003953,0.022357766,-0.0,0.37188563,0.041277073,0.008224035,0.061185434,0.044042777,0.025613999,0.12896281,0.027212856,0.015179842,-0.0,-0.0,0.028446376
0.038991593,0.0023238084,0.057892792,0.00018258538,0.033015702,0.019680578,0.01262671,0.14256339,0.16275664,0.14043741,0.0018618717,0.038988516,0.024004731,0.10626842,0.10444131,0.09262161,0.048322562,0.0032678193,0.012000998,0.0053469003
0.036388133,0.036261372,0.028402738,0.06270928,0.033530295,0.031228557,0.010800155,0.25849646,0.18811855,0.14325598,0.026061166,0.055347137,0.0064153583,0.09281021,0.098250136,0.09664274,0.017686859,0.016131662,0.021623824,0.036328565
0.00014808397,-0.0,0.07795046,-0.0,-0.0,0.00017013153,0.052930333,0.24917856,0.07169454,0.05958261,0.018639369,0.0024603952,0.0590015,0.052218348,0.13142365,0.09115306,0.03469233,0.011941617,0.00078366336,0.0025269177
0.04393984,0.01836012,-0.0,0.045824923,0.058628093,0.006298953,0.018276416,0.2510854,-0.0,0.06543443,0.0026406525,0.030081775,0.077637605,0.035051767,0.015858773,0.020370658,0.041056223,0.09494048,0.07457829,0.08720567
0.025186379,0.050078288,0.003967061,0.008330607,0.04118355,0.016059007,6.557618e-05,0.19220605,0.005571985,0.07485838,0.016208308,0.14970942,0.002438978,0.036724236,0.10891722,0.015281978,0.011425544,0.05508161,0.028097847,0.02531572
0.0587551,0.039872147,0.19635703,0.0035062048,0.111283004,0.0036633043,0.051726338,0.008248209,0.2522838,0.006176531,0.0166432,0.048617836,0.08669797,0.0127089685,0.06285501,0.040613458,0.15096854,0.07104174,0.046287008,0.016307278
0.026263926,0.00048177518,0.0014235514,0.022562968,0.033546533,0.030906148,0.06869398,0.06666561,0.017679714,0.014439387,0.022549205,0.025407635,0.119526595,0.05538818,0.097895935,0.021650078,0.06984572,-0.0,0.03195997,0.04680768
0.04291234,0.027861182,0.023079965,0.08108825,0.048120383,0.03629958,0.044282585,-0.0,0.0025313192,-0.0,-0.0,0.00019485631,0.18049365,0.08573874,0.092384785,0.066591226,0.027216509,-0.0,0.017685799,0.027796142
0.16312417,0.004747682,0.053153284,0.032739136,0.032791544,0.11126502,0.067238934,-0.0,0.036606923,0.03140654,0.054948993,0.16068244,0.17849545,0.08458168,0.013626893,0.019412644,0.114582136,0.02768006,0.0143681355,0.071337074
0.066148475,0.015290086,0.3507553,0.023504475,0.003533909,0.015684204,-0.0,0.06426569,0.09051286,0.068325154,0.06909774,0.08596389,0.012222546,0.076308966,0.17493796,0.059579164,0.0024686735,0.033629403,0.023004642,0.035868507
0.056975573,0.066050164,0.2342773,0.07802207,0.044349328,0.01497143,0.06020249,0.033672705,0.045439426,0.013695301,-0.0,0.06666882,0.11179005,0.046675786,0.098821595,0.035055995,0.08000242,0.010929444,0.09463865,0.03378346
0.017204355,0.008551768,0.033396617,0.018160079,0.0064984704,-0.0,0.050913215,0.043850094,0.024914796,0.27480036,0.07790926,0.064693525,0.036895737,0.03193518,0.09329247,0.01967118,0.04049707,0.013399957,0.031382784,0.016363712
0.0061421273,0.018708482,0.15618382,-0.0,0.067210846,-0.0,0.0535869,0.12361465,0.12496274,0.08135345,0.0010202829,0.03395667,0.05286122,-0.0,0.09514915,0.0042637857,0.064456485,3.6173675e-05,0.0064959414,-0.0
0.04544851,0.06856803,0.03322991,0.022560237,0.018199936,-0.0,0.016095644,0.17202678,0.1147236,0.12622708,0.059153877,-0.0,-0.0,0.023750795,0.115035646,0.036134277,-0.0,0.02323026,0.020972855,0.06278156
0.012816996,0.0031215611,0.0642376,0.00032279192,0.017694166,0.086552,0.06393774,0.074859835,0.008518229,0.0093794195,0.011808174,-0.0,0.080760784,0.05336949,0.17816895,0.057176705,0.00095284666,-0.0,-0.0,0.012370782
0.02355427,0.014766994,0.0038394316,0.062494613,0.049986783,0.020189695,0.09634736,0.08054706,0.0007328896,0.10950495,0.059846025,0.0064370995,0.06405877,0.006679494,0.14125435,0.10455641,0.04881536,0.07378792,0.00079014536,-0.0
0.073202476,0.009484418,0.07102343,0.030647166,0.04356188,0.0868779,0.06103396,0.16983517,0.1549637,0.06813444,0.04244856,-0.0,0.04062258,0.009630925,0.1919913,0.022783,0.048508655,0.033449326,-0.0,0.053651128
0.017346263,0.0032434014,0.10039036,0.01500292,0.033088636,0.0042397617,0.03340291,0.019311395,0.04624211,0.012147719,0.03780657,0.013635118,0.13854906,0.048667103,0.23288056,0.07489224,0.007214317,0.003618013,0.021369748,0.058360808
0.025698032,0.0124423,0.029052576,0.030659981,0.014049269,0.0403378,0.10912041,0.113625124,0.015502805,0.0691992,0.07736281,0.05485701,0.044183914,0.007675864,0.14404161,0.024771605,0.101829916,0.035659146,0.036651663,0.04424901
0.1659283,0.0628534,0.020506771,0.07546842,0.020030977,0.042047262,0.14840463,0.03674489,0.08826636,0.007417042,0.032454044,0.2127184,0.06305956,0.025111848,0.030479813,0.0029151458,0.09981357,0.06368914,0.053514127,0.0036041152
0.012179328,0.08095998,0.0012633663,0.0710396,0.05947666,0.11854696,0.0035276068,0.09165705,0.036911257,0.26596257,0.064419895,0.050003752,0.08823451,0.017458195,0.18138498,0.051644936,0.060725845,0.028896298,0.09009979,0.027371371
0.005301268,0.028182197,0.19118693,-0.0,0.029331248,0.015605362,0.021511927,0.04586093,0.23388046,0.06671551,0.052139122,0.092220284,-0.0,0.011649689,0.117111504,0.021741206,0.016715927,0.03316383,0.073117904,0.021760715
0.0664983,0.008334004,0.04391146,-0.0,0.00025028043,0.019823521,0.018643131,0.1211803,0.026292339,0.0928252,0.0130143985,0.105324514,0.082288295,0.03288916,0.12507181,0.0045050327,0.05334232,-0.0,0.0053551355,4.073326e-05
0.009185309,0.0034958636,0.15630233,0.01014327,0.0089396965,0.009666468,0.08865847,0.02694139,0.0077680005,3.604374e-05,0.009814336,0.0180096,0.06669066,0.046017148,0.15157083,0.09941603,0.035272855,0.04548679,0.06124538,0.008784021
0.01219821,0.0034471357,0.079020366,0.0007869086,0.014291086,0.07721988,0.047956005,0.17532258,0.14612511,0.07078668,0.029743673,0.027987927,0.08880815,0.037502516,0.13340971,0.08295451,0.11556664,0.022478715,0.0025891007,0.0056898096
0.08145714,0.06566428,0.08167294,0.010633136,0.008371998,0.044755396,0.11593139,0.12466514,0.020605616,-0.0,0.02557349,0.043388486,0.2350263,0.11603271,0.22761603,0.017271355,0.012551359,0.034272827,0.023050692,0.029217979
0.029353727,0.037164133,0.10973716,0.007854564,0.022621818,0.06627007,0.11658936,0.15789725,-0.0,0.013800838,0.037112653,0.004233626,0.18066062,0.038709983,0.20481676,0.08027519,0.010266686,0.018828308,0.016486868,0.028462209
0.09939222,0.04437699,0.029054876,0.016281888,0.0064083934,0.004659925,0.014429392,0.07184902,0.15076055,0.09315762,-0.0,0.07111235,0.20996423,0.070820294,0.27412632,-0.0,0.11102707,0.07434611,0.022595825,0.013290524
0.10814841,0.00465001,0.08740259,0.021434627,0.009963063,0.08047041,0.019973725,0.0042401627,0.08374903,0.086542055,0.005944215,0.050917797,0.06610826,0.12700072,0.032485683,0.09017411,0.03489629,0.0077017196,0.0292635,0.020226134
0.0921677,0.028222397,0.011214709,0.010531434,0.0051805447,0.08188987,0.034024946,0.0045208945,0.18057767,0.14762105,6.869635e-05,0.06667027,0.13521841,0.022636985,0.11399586,0.0007780105,0.010077166,0.032088228,-0.0,0.011925087
0.2835558,0.0098831775,0.041760117,5.083655e-05,0.017456926,0.06783083,0.130222,0.041157275,0.011216923,0.005759318,0.010473429,0.26737297,0.036195334,0.021801392,0.0075866156,0.068015784,0.06278116,0.010799809,0.014765344,0.0034073975
0.026502382,0.08068536,0.023210227,0.03415075,0.040762305,0.016426072,0.06889545,0.13725564,0.0666952,0.18581621,0.1138991,0.020792544,0.07989028,6.2250247e-06,0.19008632,-0.0,0.03317269,0.00577027,0.056668766,0.0072195237
0.024070906,0.09749303,0.04564445,-0.0,0.027035242,-0.0,0.02004157,0.08846706,0.058006514,0.03954711,-0.0,0.013936355,0.015820805,0.040405806,0.11625557,0.0632131,0.04894249,0.060085047,0.009268324,0.034012083
0.046674516,-0.0,0.03954651,0.02224887,0.01668507,0.027535101,0.029786982,0.117731676,0.034933094,0.13933934,0.021349948,0.054393996,0.09037326,0.011696329,0.04536171,0.004262883,0.070384786,0.04138637,0.014854701,0.007903902
0.052075982,0.056700528,0.027949212,0.013956932,0.0052061216,0.008262574,0.042410523,0.2968122,0.011451719,0.056273922,0.0091515705,0.04736848,0.046398025,0.029492294,0.052283335,0.004444845,0.06186869,0.0036935722,0.015169292,0.009811091
0.07513005,0.010121252,0.0023642567,0.0024246653,0.0006480552,0.015438903,0.0014675591,0.110622175,0.05206233,0.19797175,0.04212949,0.0097471615,0.21002062,0.003403939,0.12159582,0.10647542,0.109678335,0.016677,0.0010891637,0.01009263
0.037378635,0.047860835,0.1326459,0.06570657,0.07543449,0.045210928,0.06632559,0.011043186,0.13644691,0.025372967,0.07082895,0.02957641,0.054979406,0.010719622,0.17127413,0.019834924,0.082103744,0.03777753,0.060231403,0.014842073
0.010908155,0.07766268,0.04141445,0.048737366,0.06807348,0.016917564,0.028526219,0.11578008,0.027521791,0.065626,0.069818415,0.05073029,0.10346809,0.008460961,0.1046248,0.019644251,0.029654713,0.0664516,0.031194346,0.0083787525
0.047920585,0.0010198647,0.027216053,0.032874864,0.012030241,0.023989866,0.049655415,0.09973815,0.054763053,0.097108394,0.026827078,0.046106365,0.13715425,0.10398674,0.20430662,0.079655446,0.053129636,0.017843468,0.0076562283,0.016688675
0.07386359,0.048612103,0.01983387,0.035746485,0.0159969,0.069512874,0.12607332,0.07439412,0.053253654,0.007838651,0.10081281,0.008677507,0.23296812,0.00058541016,0.22621186,0.0012278359,0.042977784,0.066024885,0.069761954,0.007840452
0.012187839,0.01236286,-0.0,0.035957243,0.04385381,0.029735565,0.020149793,0.08162593,0.15908252,0.037981905,0.028273975,0.030587232,0.096506394,0.03118247,0.1470713,0.088016674,0.09134643,0.028041724,0.025257314,0.016042398
0.2460704,0.080385014,-0.0,0.08729982,0.006802294,0.06234943,0.009453275,0.013349948,-0.0,0.039194416,0.02730327,0.19526504,0.13246723,0.07452843,0.003002197,0.07287113,0.047314398,0.014499489,0.018683383,0.06366647
0.060933772,0.06421634,0.03350919,0.008446256,-0.0,0.034301076,0.044252764,0.18182603,0.036854386,0.073110715,-0.0,0.06155314,0.03260073,0.034477726,0.10179962,-0.0,0.05398309,-0.0,0.010834998,0.0037410744
0.024982939,0.053619523,0.015515747,0.012734831,0.010004342,0.040823553,0.106390536,0.28860155,0.01464309,0.021915969,0.0043311035,0.01043203,0.10041584,0.012227418,0.15031046,0.0090120165,0.055804335,0.038248055,-0.0,0.039746057
0.033793632,0.025607102,0.0384516,0.022711825,0.010998446,0.017705087,0.034560937,0.06287968,0.060363952,0.019634407,0.0038615344,0.07268133,0.17146863,-0.0,0.1283358,0.082149744,0.027740145,0.00068843353,0.0036784795,0.00024233882
0.090016566,0.018023415,0.12712993,0.031369425,0.002605084,0.09684241,0.08948135,0.045888215,0.04467472,0.037865043,0.010553011,0.041510183,0.15493031,0.10909154,0.18323454,0.09084404,0.05435249,0.021236515,0.08091307,0.00045332313
0.01776904,0.004288638,0.06787296,0.059039075,0.014764923,0.030227583,0.04875109,0.052619208,0.043301076,0.008965554,0.030706502,0.03896924,0.0998255,0.044695143,0.03837233,0.07874977,0.019280694,0.06424769,0.012947703,0.028367301
0.0019373507,0.09068797,0.27025282,0.024721686,0.03212252,0.064703815,0.06508533,0.03609436,0.18830934,0.012257192,0.0547329,0.0039565363,0.09522492,0.02518048,0.24499926,-0.0,0.06746765,0.017974706,0.04318381,0.0095631415
0.0229873,0.013640544,0.06890386,0.045599826,0.01996799,0.06680512,0.012844857,0.0004245663,0.053202,0.008066614,0.028278353,0.059645265,0.15479663,0.07526514,0.14311413,0.036813315,0.09608564,0.005625058,0.07903897,0.008634875
0.014775218,0.03288637,0.009511229,0.06203022,0.08047402,0.01530203,0.025558123,0.107483245,0.010319472,0.001058256,0.01864438,0.029346349,0.17017919,0.045932576,0.15176165,0.0485416,0.13178375,0.043546192,0.062249225,0.13118395
0.012205989,0.0024694686,0.002848455,0.018327013,0.031916205,0.011386937,0.03592947,0.18663809,0.013087622,0.121389404,0.025554078,0.028657248,0.06395309,0.04312316,0.16310433,0.08469618,0.046906304,0.0060768104,0.032837644,-0.0
0.11806777,0.03271668,0.041213535,0.0007457601,0.014571882,0.0030489205,0.022184582,0.07696967,0.058440775,0.23622955,0.002024217,0.056975722,0.033727877,0.030322367,0.071308926,0.16283041,0.004079973,0.00012257579,0.0013226897,0.011347513
0.23226981,0.015662773,0.066236906,0.076317355,0.0054736417,0.07064725,0.050143465,0.006087637,0.076632164,0.0449281,0.064846404,0.1658417,0.05700791,0.012223112,0.0009965284,0.06587,0.13557164,-0.0,0.03310335,0.12524255
0.054782305,-0.0,0.14491048,0.069655225,0.020324387,0.035183772,0.01802068,0.12726642,0.020795131,0.06879,0.0128301885,0.0149363605,0.11137118,0.055008017,0.2173728,0.012354646,0.064837836,2.717963e-05,0.024681317,0.034201425
0.03767878,0.0029435128,0.02041883,-0.0,0.0001483822,0.020663645,0.08794739,0.10603934,0.0031914935,0.010750975,0.008405318,0.03014172,0.067241915,0.023891596,0.10653664,0.022740591,-0.0,0.0008042633,-0.0,0.090832435
0.023186998,-0.0,0.0662032,0.003989468,0.03470408,0.0050050863,0.037742153,0.007812617,0.11763592,0.019344578,0.04669912,-0.0,0.1384213,0.100221634,0.1321992,0.04335611,0.016350294,0.019450013,-0.0,0.032119624
0.020497678,0.041350774,0.017496925,0.0014095797,0.0011270194,0.002604703,0.17812817,0.24124993,0.052671283,0.062651575,0.05424632,0.02592635,0.12730998,0.04120513,0.20905985,0.027489,0.12581803,0.030544318,0.084731065,0.007259786
0.0038356895,0.039686438,0.07262486,0.02754587,0.010778829,-0.0,0.08164632,0.0983542,0.041071184,0.13592345,-0.0,0.004526942,0.081177264,0.06519708,0.09513624,0.048003826,0.045728188,0.0013769186,0.029622165,0.010578322
0.039061163,0.06936219,0.15823314,0.006176176,0.0047665527,0.046822395,0.0225958,0.0020462098,0.048352875,0.025238926,0.019570868,0.018021625,0.09158626,0.009629525,0.11655262,0.040411882,0.046408873,0.047991864,-0.0,0.02009535
0.08163426,0.061491102,0.09939283,0.06793221,0.041410185,0.044611454,0.012490638,0.017289173,0.02315421,0.033415213,0.024913287,0.047106266,0.03404391,0.07647881,0.13669151,0.012299504,0.042735964,0.06382278,-0.0,0.0026082792
0.060744543,0.043177016,0.0038184726,0.037685342,0.03342385,-0.0,0.002682177,0.08191158,0.00065679697,0.012963573,0.045568075,0.05368776,0.11062514,0.045923356,0.0493188,0.024603719,0.10132426,0.03454213,0.029680502,0.013579569
0.06251644,0.0004943806,0.07189337,0.016731806,0.038735643,0.051334765,0.10100436,0.025637701,0.01935421,0.018628228,0.016999802,0.022272702,0.12880151,0.07370813,0.15474127,0.094159104,0.06993753,0.014283093,0.021553254,0.021586696
0.056471404,0.00769869,0.05006109,0.015691344,0.004846764,0.03096226,0.14849122,0.1418652,0.052563246,0.04103731,0.033889145,0.04248363,0.11925794,0.05716394,0.07106808,0.08365223,0.030406462,0.025235152,0.010418487,0.010003217
0.22538549,0.017894454,0.19059859,0.008902915,0.023565784,0.0028714214,0.077851966,0.06343494,0.047588415,0.016742514,0.060879122,0.33959702,0.14499174,-0.0,0.05156939,-0.0,0.045092028,0.13870998,0.04802692,0.06308764
0.025910446,0.025224993,0.057615034,0.009308501,0.04317093,0.006480612,0.022639653,0.026556235,0.17360741,0.12977417,0.04227186,0.048563078,0.11115453,0.02640635,0.052200235,0.04421022,0.018980786,0.04971598,-0.0,0.016921245
0.005777809,0.0626242,0.00024306282,0.029888801,0.033937234,0.028928658,0.024192084,0.13264202,0.0069738985,0.20675005,0.025731541,0.017779483,0.03731969,0.07007116,0.06670117,0.053710565,0.124244995,0.05090862,0.0901922,0.05251062
0.031473637,0.046172816,0.006333485,0.048018944,0.025062643,0.0195365,0.004762377,0.17644432,0.12094981,0.18226837,0.029862087,-0.0,-0.0,0.024127068,0.086310394,0.05775468,0.0035688563,0.043994155,0.039350435,0.0018342338
0.02238603,7.809091e-06,0.3279468,0.030289242,0.09249912,0.056056365,0.0067522745,0.017855477,0.23332317,-0.0,0.0020879721,0.03018613,0.13616529,0.0001889932,0.15317102,0.004583312,-0.0,0.030626323,0.0022482357,0.029663336
0.00085839786,0.0005193639,0.04651559,-0.0,0.023552533,0.028071608,0.09467173,0.10653251,0.008718283,0.06270376,0.01389611,-0.0,0.1062103,0.020750275,0.04160013,0.07200387,0.10125609,0.030214615,0.037024688,-0.0
0.015465473,0.015559019,0.03386191,0.022144936,0.026910242,0.016401984,0.00046027318,0.15687612,0.19108711,0.0697405,0.10493513,0.06649904,0.022695271,0.024753027,0.11320922,0.029093914,-0.0,0.021062927,0.0014452152,0.018494405
0.0020392586,0.050027143,0.08940653,0.030285766,0.020867828,0.027183497,0.04683132,0.17936017,0.20556599,0.013498685,0.053233612,-0.0,0.04257677,0.02232933,0.12966414,0.07738756,0.047145396,0.02648428,0.03213607,0.034917075
0.07497208,0.09940495,0.021559693,0.07180355,0.06529839,0.029799536,0.022134637,0.013622884,0.16335973,0.024488198,-0.0,0.10276502,0.025075156,0.097670235,0.11576802,0.011544845,0.00054104003,0.10381663,-0.0,0.039743397
0.07979656,0.0026554104,0.36563006,0.016186502,0.11577004,0.034005675,0.12219375,0.017230079,0.21882145,0.0009318761,0.00044442818,0.037263647,0.08878723,-0.0,0.08321301,-0.0,0.030312955,0.08661972,-0.0,0.00767871
0.08558939,0.0020016097,0.013636096,0.008457273,0.002674781,0.026300926,0.028458148,0.08427613,0.019430721,0.0002234485,0.0046661007,0.014154513,0.1162514,0.05960361,0.083381645,0.07618524,0.04538948,0.0041086106,0.0626694,0.0037965481
0.2209589,0.06237183,0.012016914,0.077133566,0.08954051,0.05326769,0.059403386,0.0071053286,0.02534878,0.02849384,0.052452214,0.19649003,0.22755636,0.01809048,0.035145156,0.008390849,0.13699144,0.007422289,0.037438262,0.026355797
0.07849863,0.02594101,0.050488375,0.046060763,-0.0,0.0912777,0.045699783,0.15060553,0.15353653,0.25280035,0.037728045,0.025825333,0.0051478576,0.03556385,0.048707943,0.1148658,0.07355242,-0.0,0.05659968,0.009912055
0.036153756,0.039008263,0.00073597697,0.01389712,0.018190753,0.06562453,0.086207725,0.085838564,0.018926673,0.16106242,0.04519512,0.022452684,-0.0,0.008748991,0.15086032,0.011049146,0.08269645,0.062120833,0.05092913,0.047176316
0.033636495,0.03562136,0.11749383,-0.0,0.0038701198,0.003444033,0.051652506,0.004304662,0.033536356,0.061917953,0.0068284525,0.036503047,0.06271461,0.066903286,0.09765839,0.06340019,0.05540747,-0.0,0.024184106,0.08490838
0.03953205,0.018446492,0.053529732,0.019173378,0.035062216,0.032863338,0.051409286,0.13717699,0.078166254,0.16810133,0.049192406,0.07671383,0.22196755,0.009221419,0.17830041,0.007099029,0.048567314,0.012200792,0.03459877,0.025626956
0.046982568,0.010927111,0.014764647,0.007318964,0.0054893685,0.03712978,0.013622347,0.18600494,0.008029073,0.026321664,0.054275203,0.014417395,0.06047402,0.026595464,0.1146353,0.064962834,0.005211329,0.006284213,0.050070155,0.003507008
-0.0,0.019827414,0.03620989,0.05675358,0.03863206,0.061721455,0.013753164,0.10981076,0.08677443,0.055362225,0.11019884,0.0030527494,0.015524591,0.013548298,0.15254563,0.0058380263,0.028638812,0.07082531,0.00952522,0.022466416
0.005029406,0.07573195,0.14641191,0.07710198,0.099245615,0.06820792,0.059840385,0.015161348,0.08571551,0.09793437,0.049249936,0.0048881294,0.11483229,0.049772244,0.056195065,0.08666294,0.06745477,0.012680501,0.013378184,0.03973514
-0.0,0.029324736,0.07380379,0.016049707,0.052831285,0.027428607,0.03616897,0.017960288,0.012205843,0.07548097,0.030934757,-0.0,0.070053555,0.06213164,0.028372668,0.026726924,0.10526169,-0.0,0.02887898,0.039928954
0.06286048,0.032907486,0.01738,0.045475125,0.032649007,0.07097434,0.03898833,0.17884147,0.03416155,0.10389435,0.08277579,0.02729317,0.0045160777,0.023056367,0.01505254,0.045170013,-0.0,0.018457223,0.09044409,0.10633732
0.049452208,-0.0,-0.0,0.016517844,0.017741352,0.09100386,0.017779145,0.18423842,0.04800847,0.10425778,0.007088603,0.031292234,0.054999664,0.033709045,0.10421335,0.08521241,0.03174315,0.005617285,0.021637049,0.019054562
0.17990582,0.07333579,0.052456133,0.043674633,0.060205534,0.042147152,0.07588363,0.0017560461,0.0006507484,0.01745519,0.09759552,0.192227,0.17941542,0.03359007,-0.0,0.013150302,0.012148076,0.025623819,0.01935076,0.05830867
0.16968177,0.009285915,0.13106777,0.031829633,-0.0,0.06180427,0.09540983,0.022838937,0.12933831,0.07297984,0.048976086,0.1709264,0.03596025,0.04843703,0.020546917,0.06454871,0.14250538,0.03109029,0.0133876195,0.08682357
0.2029571,0.04810612,0.06213783,0.06207792,0.03909411,0.040475283,0.0118293185,0.028692467,0.0751928,0.10440213,0.05662423,0.22722009,0.002006727,0.043806497,0.00065200066,0.0024262713,0.038163427,0.08653682,0.0020824217,0.06902583
0.23681544,0.044685017,0.014370465,0.09185812,0.037576925,0.03236289,0.026473496,0.013055338,0.09156086,0.31414035,0.004940032,0.24691376,0.023581753,0.03747724,0.012434545,0.052852694,0.019719021,0.14229377,0.003769139,0.026864363
0.24497928,0.01608287,0.06803576,0.09513514,-0.0,0.053629342,0.08584708,0.09032981,0.052044787,0.06907424,-0.0,0.16339685,0.014404152,0.07896779,0.00787225,0.12612198,0.06639896,0.061968613,0.02443731,0.038669463
0.27438468,0.027662687,0.04156919,0.0008558653,0.08461467,0.04318544,0.0010683135,0.044571396,0.017252436,0.09998746,0.047733244,0.15876944,0.004158798,0.07949523,0.029395884,0.054508433,0.04929312,0.065336965,0.016042795,0.027673109
0.31024197,0.035133325,0.061826408,0.023875145,0.013344893,0.092002496,0.0038135594,0.032169953,0.023751423,0.10971655,0.04111684,0.24375534,0.03877331,0.0018804444,0.0588064,0.002697907,0.010643328,0.07106859,0.026711056,-0.0
0.19254968,0.0045022257,0.027539,0.058574256,0.033223882,0.03912659,0.017891489,0.000629491,0.08032788,0.084520146,0.0047168126,0.20047027,0.0040526725,0.057044543,0.06334946,0.03449662,0.056183454,-0.0,0.005028181,0.10454051
0.2798576,0.041763537,0.015788665,0.07855848,0.038443204,0.02668766,-0.0,0.021361986,0.11139704,0.08537864,0.026126299,0.22700857,0.02516724,0.01869048,0.028230408,0.0055346596,0.0260658,0.028199969,0.09218763,0.04490492
0.22473854,0.011234699,-0.0,0.007812057,0.009419925,0.0047680032,0.019218937,0.008583593,0.1027956,0.08652903,0.013510809,0.2618802,0.01820919,0.089375906,-0.0,0.12393938,0.043049708,-0.0,0.017745256,0.06029378
0.1747214,0.019705296,0.01980533,0.10041894,0.050614394,-0.0,0.00022468017,0.041664116,0.049599037,0.02726292,-0.0,0.17500228,0.0081087435,0.030075593,0.05813593,0.02732655,0.0023683386,0.093731076,0.043920033,0.07001564
0.2673508,0.054653425,0.05688919,0.04042693,0.023355905,0.014064793,0.031324998,0.071158,0.05422089,0.08679715,0.022408538,0.2333039,0.10418679,0.015293759,0.046008572,0.05734741,0.02345989,0.07159937,0.0015817152,0.0030329232
0.34527463,0.024213597,0.010194289,0.016227935,0.10042223,0.061011683,0.0852624,0.10106908,0.031160615,0.2540505,0.0107848495,0.26272097,0.06834632,0.011229978,0.019613566,0.05881874,0.0064426055,0.013330248,0.022858813,0.09119332
0.21934384,0.016264094,0.110352,0.019952236,0.096128166,0.06838436,0.06700718,0.06374253,0.01899304,0.042108208,0.018296884,0.20278671,0.092213824,0.009634787,0.015450773,0.037901063,0.033339314,0.027406216,0.011703569,0.08266614
0.17928855,0.05809932,0.024630662,0.012933774,0.10440167,0.055677637,0.06623902,0.07056363,0.04323106,-0.0,0.08521342,0.2472087,0.003434821,0.006441752,0.011682378,0.0058733826,0.032080986,0.045384794,0.049042594,0.14481692
0.1782631,0.05678477,0.11502153,0.07042391,0.027568689,0.037517827,0.021282895,0.007689331,0.13306312,-0.0,0.086625986,0.21210971,0.083832674,0.06422053,0.017042724,0.023539152,0.003245595,0.06411289,0.06485194,-0.0
0.26451498,0.052623704,0.02625976,0.017858788,-0.0,0.00026029156,0.04023469,0.023278294,0.006606598,0.061117258,0.012929937,0.21231435,0.11401372,0.08089068,0.041216232,0.03216624,0.032491907,-0.0,0.0016028002,-0.0
0.2490768,0.066712454,0.055372972,0.021994695,0.03092798,0.017594779,0.02686178,0.02995716,0.03265517,0.0052533336,0.05170642,0.16031154,0.14357644,0.026605004,0.032403126,-0.0,0.04021702,0.1282287,0.010842915,0.074917935
0.29571638,0.020146754,0.012346222,0.12710652,0.011103896,0.03514407,0.098635845,-0.0,0.00020470268,-0.0,0.039860804,0.21870194,0.010503495,0.07300169,0.009302791,0.14090665,0.008836138,0.050350584,0.07623093,0.056322716
0.22018899,0.08701086,0.011352064,0.00015360751,-0.0,0.041022122,0.078243926,0.05914564,0.032036062,0.017727094,-0.0,0.27394792,0.029811274,0.015297097,0.0700871,0.020699507,0.062622346,0.023519523,0.036376208,0.07207391
0.28855836,0.0134284515,0.0006416874,0.012886149,0.0077516558,0.0071239537,0.076591685,0.056073632,0.092539385,0.045819197,0.004884959,0.25101066,0.058685355,0.044288244,-0.0,0.033761915,0.037246246,0.030492276,-0.0,0.08344153
0.19357806,0.043306466,0.024967294,0.08695003,0.0047537033,0.07812892,0.051563177,-0.0,0.07718295,0.019971594,0.09624368,0.16059864,0.00267341,0.050780848,-0.0,0.07051602,0.0717922,0.028295059,0.03269673,0.113881186
0.13988146,0.1438992,0.0400358,0.08857758,0.02850608,0.022541951,0.06672878,0.11948539,0.065086566,0.09336067,0.011590363,0.22727711,-0.0,0.0018514728,0.013636263,0.012617384,0.0018387551,0.060010105,0.005250658,0.023533648
0.1986051,0.035738394,0.039633386,0.030252492,0.009785342,0.01563616,0.028283346,0.06719967,0.08477396,0.035531104,0.055509016,0.2945504,0.040142167,0.0333987,0.022704042,0.011319652,0.06888038,0.023397868,0.027678404,0.031778496
0.19851828,0.075721286,-0.0,0.036308665,0.05817494,0.03305858,0.04142501,0.071793675,0.069432065,0.062092155,0.038195048,0.20866762,0.023836283,0.07278909,0.00014348957,0.04328683,0.0017847114,0.01887837,0.008773774,0.004256304
0.16147791,0.0512721,0.06771143,0.031170072,0.011610688,0.089271255,0.063661635,0.02467179,0.017889433,0.059341695,0.09622669,0.24566443,0.018016817,0.08283811,0.04532494,0.09695269,0.08220275,0.03485333,0.025472637,0.024608325
0.16319624,0.020410335,0.0779488,0.017845152,0.043777082,0.0019986713,0.032286953,0.01242586,0.0921209,0.08387611,0.034610305,0.24560857,-0.0,0.021777855,0.0054533645,0.042161763,0.0146464035,0.03330191,0.023576371,0.025352824
0.21355301,-0.0,-0.0,0.04983698,0.0045815073,0.002030284,0.15504187,0.045997795,0.025144959,0.05323631,0.03968516,0.19116893,-0.0,0.0248681,-0.0,0.034759674,0.035043575,0.03208697,0.0039881715,0.003412364
0.20177555,0.0952799,0.0468059,0.08986686,-0.0,0.08272599,0.04061836,0.036853515,0.041894928,0.09556852,0.017773801,0.21805336,0.011226505,0.08380909,0.031437553,0.16605529,0.09253054,0.10623341,0.057480868,0.07232135
0.22179684,-0.0,0.056170564,0.03776404,0.0048337425,0.047276672,0.01099237,0.03867732,0.113718785,0.15271421,0.045197923,0.13544549,0.0051853983,0.029288972,0.0053053787,0.029317528,0.015584743,0.070585944,0.01405244,0.052905638
0.26610962,0.045453344,0.015888928,0.008476356,0.098924235,0.036067057,0.1250723,0.012688499,0.027404206,0.07468406,0.11122875,0.16786435,0.11343354,0.02317941,0.026264604,0.0083018765,0.015905524,0.022276977,0.09969238,0.060340047
0.2953576,0.09811061,0.01011789,0.032859292,0.03434803,0.04149962,0.00030936528,0.043252118,0.020298485,0.117892005,0.02040319,0.29800755,0.050493464,0.010053566,0.06364898,0.005961916,0.01259995,0.012525091,0.013218667,0.0821057
0.25529522,0.044086963,0.033898763,0.03196948,0.05356026,0.04239636,0.020569498,0.0006668464,-0.0,0.086608514,0.08596578,0.24386118,0.0033274298,0.019244855,0.03021723,0.018032108,0.05671456,0.058604836,0.020890156,0.09584792
0.1978496,0.04229847,0.025357047,0.04775624,0.017565398,0.011945274,0.02716926,0.0037999877,0.26879394,0.19596218,0.0076550306,0.2723753,0.005995705,0.024694197,0.005973904,0.04810355,0.021898465,0.15295431,0.08271192,0.117711015
0.17962001,0.06843404,0.08822325,3.2674618e-06,0.066098586,0.06279778,0.059521668,0.007983004,0.050744373,-0.0,0.06429674,0.27065745,0.060995486,0.037566107,0.030929051,0.01593324,0.02565685,0.050711196,0.005170232,0.054235328
0.20844285,0.007443061,0.067897104,0.016899664,0.024852652,0.039324824,0.046084043,0.06773521,-0.0,0.12732801,0.0409262,0.24342081,0.0005588257,0.0392614,-0.0,0.14609204,0.060333733,0.011742333,0.001876264,0.041551463
0.27403927,0.02911009,0.029122168,0.07454939,0.07475524,0.026502503,0.0018530205,0.018072348,0.11686628,0.055740263,0.0149248075,0.14937006,0.014856773,0.054720778,0.026297074,0.02355566,0.045500603,0.01682201,0.022561539,0.06411526
0.2513845,0.036908977,0.09193156,0.0046691583,0.0236454,0.0070280773,0.045198567,0.026149632,0.036817458,0.01996852,0.00081206247,0.31457004,0.0070496486,0.015750118,0.03493395,0.008280756,0.045704503,0.00045631098,0.033265136,0.06340998
0.271545,0.024453672,0.094689235,0.037300825,0.0037217238,-0.0,0.091256276,0.056659263,0.006712294,0.018527959,0.0019024361,0.16488142,0.08401283,0.054060843,0.052585464,0.024672437,0.101196915,0.028178679,-0.0,0.006981641
0.16779307,0.028330803,0.1087295,0.046545886,0.0283983,0.10409236,0.10464875,0.0033819159,0.06696338,0.0072782645,0.026751239,0.19433804,-0.0,0.08476476,0.022301702,0.0006780819,0.025929132,0.018124372,0.007401689,0.018625678
0.25171322,0.0026639705,0.008792733,0.019176502,0.01815889,0.0064272177,0.00018813596,0.04122089,0.03727211,0.048735943,0.012475427,0.228315,0.04964093,0.038910884,0.049569912,0.033958558,0.030587995,-0.0,0.023573786,0.025529623
0.14026551,0.053862996,0.07572391,0.07402923,0.05798709,0.051599734,0.016703373,0.037235465,-0.0,0.017900947,0.01493873,0.24679504,0.020394536,0.045570113,0.0015702883,0.017631903,0.07120796,0.037708517,0.05819485,0.051079135
0.2558996,0.011842228,0.02130241,0.048712768,0.002630472,0.034484144,0.015662294,0.027275955,0.08463558,0.10425807,0.0015042624,0.2579587,0.06593903,0.022306088,0.04649682,0.010222154,0.005951495,0.08908644,0.020308342,0.030108666
0.23027894,-0.0,0.009401407,0.013620094,0.0009880725,0.03129667,0.0036178525,0.08527453,0.11421745,0.09239405,0.068582,0.22404137,-0.0,0.05228377,0.061378524,0.0346107,0.03152134,0.1095055,0.012108904,0.105972596
0.21800148,0.06851928,0.02560275,0.07030016,0.01041349,0.05603536,0.074681185,0.009415217,0.0026981202,0.08301475,0.061623875,0.23731805,0.08438317,0.09908189,0.0005185091,0.09393248,0.018738803,0.023959156,-0.0,0.018492019
0.23699035,0.03505078,0.03864465,0.04087896,0.05388739,0.08040089,0.08456941,0.0746404,0.16181806,0.19688524,0.010569574,0.25796676,0.0036157637,0.013206928,0.030952955,0.028845455,0.017338548,0.07866852,0.026407234,0.058295347
0.22972105,0.06381287,0.060727626,0.016578933,0.018884912,0.026208036,0.061741095,0.03628444,0.15695558,0.059307016,0.053427693,0.19370969,0.1258381,0.06434842,0.0035654202,0.07638746,0.049662244,-0.0,0.036197606,0.051042486
0.22471476,0.03227812,6.568211e-05,0.05364024,0.053934615,0.010264957,0.05323127,0.04245525,0.05083933,0.080271915,0.038734946,0.31108803,0.0640188,0.031930394,0.07942299,0.018304646,0.011747633,0.06726642,0.015069451,0.052258123
0.22039399,0.017272562,0.018274521,0.052754305,0.021290958,0.030704813,0.031210441,4.6984875e-05,0.17459127,0.17059514,0.0004648707,0.1788488,0.009443432,0.06352408,-0.0,0.01032544,0.022745045,0.039149236,0.019534586,0.05240856
0.15842022,0.09058254,0.044032816,0.005543785,0.014498401,0.0011792446,0.038694523,0.053027473,0.03643615,0.07349921,0.014670157,0.21339932,0.020271191,0.04273856,0.10470222,0.015185326,0.014528174,0.0047753477,0.032215297,0.0005179518
0.105876654,0.0356155,0.07376099,0.010472138,0.02481471,0.061618455,0.09250798,0.02217088,0.0095341755,0.0009194136,0.049984444,0.15808827,0.056927487,0.013295666,0.07152373,0.102986746,0.07319945,0.045555536,0.0024176105,0.0097307805
0.17248408,0.01017215,0.07297761,0.054471813,0.03130316,0.04904968,0.14583795,0.016823554,0.01785339,0.058555067,0.00662333,0.30193704,0.13583289,0.046288278,0.03241676,0.11993874,0.09681786,0.040710386,0.051201474,0.0765425
0.28062207,0.003661859,0.004857659,0.054796893,0.0064438223,0.026503377,0.012632436,0.058850426,0.07074352,0.20641951,0.011409906,0.26883122,0.031233229,0.018870732,0.0002457794,0.00027894592,0.0199651,0.027574535,-0.0,0.0155015215
0.2590658,0.022490775,0.10559362,0.13064617,0.03550698,-0.0,0.03437475,0.025105206,0.036407724,0.10110185,0.005846928,0.2345747,0.006372631,0.10163752,0.054537293,0.06758041,0.05070573,0.039385706,0.0029424,0.1542309
0.21709651,0.05940005,0.015854314,0.06763967,0.021375079,0.050607335,0.012653495,0.02638199,0.040509798,0.07759188,0.03840984,0.15871903,0.16814111,0.09741754,0.008803401,0.026265686,0.014634398,0.020823564,0.01578063,0.06334247
0.20051046,-0.0,0.010551033,0.01715881,0.04860297,0.0001709354,0.08052129,0.042789485,-0.0,0.098892644,0.0021403814,0.12154576,0.086582124,0.11048088,0.056556914,0.08608538,0.09028128,0.00014575843,0.021692464,0.0048656296
0.25017726,0.059835732,0.039440062,0.048246317,0.040186938,0.041116882,0.0344662,0.0032692486,0.06812674,0.0074928133,0.03136424,0.2257236,0.07454661,0.060009234,0.008244543,0.039869748,0.13210805,0.028774992,0.04992063,0.031594057
0.2216938,0.018476665,0.0135649415,0.034641344,0.014662734,0.02433744,0.0040894183,0.036702737,0.013111398,0.074764214,0.0724831,0.27130568,0.053737894,0.030144023,0.0030830675,0.058597934,0.027471058,0.053299796,0.013907641,0.021504607
0.269636,0.010985376,0.02841949,0.009278276,-0.0,0.0063762153,0.047002345,0.009017834,0.013708654,0.05406631,0.00046805848,0.1883324,0.056428645,0.0022869448,0.026167167,0.002144408,0.042066377,0.021247385,0.010147456,0.045824993
0.22261162,0.050109297,0.04596862,0.073375374,0.0045353645,0.10541478,0.08193383,0.0109462915,0.0043603396,0.06267819,0.03821099,0.1887344,0.070764415,0.09400931,0.003764939,0.083134435,0.07979117,0.00075157435,0.024444286,0.0631374
0.16015358,0.022116153,0.032937746,0.015196111,0.011732433,0.004907166,0.027386203,0.04787472,0.019284142,0.14324634,0.0129395565,0.07275738,0.10167996,0.0052343276,0.034181926,0.044077713,0.08701427,0.035802018,0.008199269,0.0043200175
0.1971205,0.06116999,0.012770688,0.03715125,0.018251464,0.090560034,0.024156976,0.025548754,-0.0,0.07826787,0.012256136,0.22435394,0.008823381,0.043555945,0.018227367,0.08118036,0.013787151,0.089324616,0.06435511,-0.0
0.23670223,0.00021674187,0.09106245,0.0008836762,0.008881637,0.044794995,0.016877905,0.021078583,0.10128281,0.09158522,0.057891265,0.21011086,0.01637362,0.049120527,0.028411293,0.029887058,0.043349333,0.034238454,0.028222384,0.057272088
0.2561054,0.042300325,0.07286557,0.039117932,-0.0,0.08371651,0.052610625,0.023929033,0.05654329,0.036030233,0.011846199,0.23474894,0.041480206,0.06236817,0.07098687,0.024747765,0.001686615,0.072523475,0.08727825,0.066738494
0.2540325,0.014595282,0.04555404,0.0337202,0.00759758,0.013016534,0.012037608,0.026198218,0.143138,0.00041750428,0.0011535292,0.2124047,0.097597994,0.08165773,0.040426955,0.08524347,0.06608841,-0.0,-0.0,0.058435027
0.28777838,0.025699621,0.056769457,0.011210754,0.0065272753,0.07875372,0.042289328,0.030230872,0.034875154,0.10031429,0.0016500462,0.16337812,0.046799585,0.06249563,0.030493418,0.087136626,0.019144181,0.028174076,0.009704696,0.067723
0.040582385,0.0019390099,-0.0,-0.0,-0.0,-0.0,-0.0,0.00374154,-0.0,-0.0,-0.0,0.04252204,-0.0,-0.0,-0.0,-0.0,-0.0,0.040465128,-0.0,0.0267131
