-0.0827214,0.016555198,-0.14335376,-0.15074284,-0.10293573,-0.046055652,-0.019652903,-0.12509675,-0.08703124,0.047667075,0.053094868,-0.04716471,-0.08449244,-0.015363615,0.1417662,-0.080244064,-0.100313626,-0.066777095,-0.11214753,-0.017109113
-0.051802877,-0.023539191,-0.12429289,-0.16536483,-0.026052529,-0.096600905,-0.0769228,-0.10170812,-0.08852254,-0.015904468,-0.0049253316,-0.07655394,-0.11571607,-0.047193754,0.05222054,-0.043517668,-0.016217947,0.06760599,-0.0586903,-0.024157215
-0.11230478,-0.06530439,-0.16968429,-0.17026754,-0.088033974,-0.1917453,-0.124151886,-0.22655961,-0.1973983,-0.06951714,0.023937145,-0.090650395,-0.0838671,0.037866507,0.052456856,-0.00952041,0.061158463,0.051372174,-0.07488095,0.051077075
-0.038588375,-0.066416286,-0.11400489,-0.21400316,-0.05253324,-0.12874904,-0.11740023,-0.1402886,-0.09717838,-0.012525082,0.03297457,-0.0283789,-0.093019314,0.040280547,0.087192714,-0.02822136,0.020061394,0.1204439,-0.073091626,0.05242326
-0.16866359,-0.04031526,-0.013951256,0.057370726,-0.07575506,-0.112927146,-0.048939906,-0.011676999,-0.03793195,0.100170255,-0.027833538,-0.0019477846,0.06827327,-0.1048072,-0.034640096,0.039598484,-0.09774431,-0.074263126,0.007801358,-0.066586606
-0.100288905,-0.07037423,-0.19841713,-0.13006338,-0.053783964,-0.09235381,-0.05182372,-0.092162035,-0.114130266,-0.046778765,-0.0040608067,-0.030727472,-0.104758956,0.088823,0.039349854,-0.044283465,0.024367878,0.108200476,-0.09138063,0.03163693
-0.087986395,0.012260437,-0.11715006,-0.13670164,0.020675454,-0.20674346,-0.07237116,-0.11489223,-0.10192399,-0.03131802,-0.002309248,-0.02660492,-0.079886496,-0.04036771,0.043139413,-0.0020457115,-0.043474942,0.07455128,-0.068453066,0.088905655
0.004479749,0.0018877134,-0.087653905,0.026080929,-0.10205463,0.056008436,-0.054800946,-0.05949318,0.008566539,0.16724898,-0.0938007,-0.17186023,-0.03716053,-0.051230565,0.050783027,-0.14569952,-0.21049148,-0.034606148,-0.0720699,-0.02720732
-0.1561169,-0.059721153,-0.10085331,-0.10009567,-0.10569652,-0.094196886,-0.07050623,-0.0020690984,-0.012736832,0.11524011,0.025710823,-0.116810866,0.017580131,-0.022480039,0.10966492,0.13185951,0.008289548,-0.009209941,-0.2056727,-0.018256363
-0.05279217,-0.043881223,-0.14378518,-0.17630437,-0.11004739,-0.16876262,-0.11488609,-0.119652495,-0.033750754,-1.0749613e-05,0.011605883,-0.035895623,-0.11463367,0.036839694,0.017395455,0.005421523,0.024702199,0.08344335,-0.061639316,0.09637475
-0.066601075,-0.061952803,-0.060856953,-0.17764002,-0.094838046,-0.047698773,-0.0606554,-0.13714235,-0.051460195,0.0018874544,0.0043747565,-0.004573517,-0.09629148,0.040563624,0.02369951,-0.01316134,9.861766e-06,0.16174234,-0.04744155,0.095984325
-0.08564679,-0.12490848,-0.110485114,-0.23180427,-0.05309826,-0.12906316,-0.09200454,-0.11080885,-0.092528954,-0.05833339,0.037459794,-0.06265613,-0.0722169,0.015619139,0.015620627,-0.023729604,0.056202665,0.08680736,-0.050049398,0.022692157
-0.0074392264,-0.05600814,-0.081473775,-0.1516179,-0.015661318,-0.12718473,-0.07706008,-0.1182159,-0.14820571,0.017865494,0.013356807,-0.061978113,-0.04389092,0.00032517535,0.06943108,0.016039727,0.03049572,0.014869231,-0.04549878,0.0484953
-0.026954666,-0.026359089,-0.13492478,-0.013218196,-0.12748887,-0.0809991,-0.022745797,0.06340135,-0.04470266,0.085099496,0.058973096,-0.06439372,0.13911018,-0.063375734,0.0027002292,-0.04250206,-0.31900504,-0.06657704,0.0093487445,0.015350206
-0.1810137,0.08403986,-0.07100492,0.1594254,-0.059407245,0.015630744,-0.09477489,-0.012975503,-0.17116754,0.02728174,0.02117669,-0.030865416,0.2010504,-0.09640849,-0.106391124,0.06415231,-0.24136105,-0.063643605,-0.07198061,-0.03646874
-0.23745658,-0.09607947,-0.046570368,-0.020584818,-0.051087268,-0.017555209,-0.10930339,-0.07818071,-0.058654267,0.13994594,-0.019524293,-0.14527339,0.06686891,-0.12460575,0.19087918,0.0075508766,-0.1348277,-0.061377794,-0.056112926,-0.08983029
-0.16265053,-0.006751059,0.011925255,0.12493485,-0.038523402,-0.13488175,0.068763666,-0.12411926,-0.19505742,0.058075085,-0.008215437,-0.106173925,-0.059526995,-0.108169176,0.16383639,0.04738419,-0.12001854,-0.051762216,-0.039287474,0.11994371
0.17694551,0.15017031,0.41886628,-0.018645348,-0.06510888,0.29355025,-0.29566142,0.3782084,0.27272666,0.15486687,-0.05879601,0.5384912,0.32455605,0.055437878,0.14167492,0.35916823,0.16914956,-0.12946318,0.3012491,-0.022059847
0.040549606,-0.006453089,0.19551572,0.03707599,0.03748291,0.18522248,-0.13779137,0.38164833,0.20026565,0.27670333,-0.28513765,0.026410282,0.2512376,0.03312774,0.16927332,0.12619707,0.066074155,0.038765997,0.001352838,-0.013997615
-0.05317183,-0.04485938,-0.14793648,-0.20510109,-0.104062095,-0.10873514,-0.11094131,-0.11173734,-0.09197198,-0.05354219,-0.0145337945,-0.008471064,-0.0759475,0.03054221,0.0061942665,-0.07664548,-0.008702691,0.10509933,-0.009655849,0.12560348
0.1902586,-0.2322893,0.3677385,-0.17086352,-0.1797311,0.058130708,-0.22491296,0.42787847,-0.049983457,0.3785901,-0.49541277,-0.24364538,0.616793,-0.5233778,0.05317339,0.052758086,-0.16313966,0.08757096,0.26626477,-0.3434892
-0.058845747,-0.048857715,-0.10126877,-0.18373853,-0.041539792,-0.1009605,-0.13434054,-0.12502523,-0.09313904,-0.024704143,-0.030818665,-0.043707665,-0.11196333,0.0021478124,0.1150908,-0.01408218,0.011353165,0.112612054,-0.081425615,0.07331052
-0.117514275,-0.02092127,-0.14189419,-0.1648633,0.028702915,-0.12834856,-0.10245862,-0.14371997,-0.044007033,-0.031011239,0.004862986,-0.070522584,-0.07811648,0.02732117,0.10819605,-0.0076418123,-0.0325721,0.07890836,-0.07054629,0.019240886
-0.2037198,-0.108767375,-0.22672044,0.131163,-0.1479532,0.18382078,-0.20188239,-0.086621076,-0.027181318,-0.21660376,0.025419088,-0.11756792,0.22637004,0.07612466,0.18511966,0.014689396,-0.2006566,-0.12569118,0.04059349,0.054186128
-0.15531285,0.041141555,-0.15034765,-0.15298003,-0.017499598,-0.0469738,-0.13098621,-0.14728318,-0.15232146,-0.03840512,0.0770833,-0.01739725,-0.13926142,0.039911542,-0.015187496,0.010619812,-0.05998937,0.035482034,-0.059950564,-0.0152871525
-0.1070936,-0.045061182,-0.106133,-0.18115199,-0.08623942,-0.119140916,-0.09561095,-0.14957753,-0.12478717,-0.046596687,0.02325463,-0.08221144,-0.095205784,0.032934915,0.05168441,-0.028827569,0.026171064,0.05697564,-0.08230043,0.12268424
-0.055811923,-0.005679038,-0.1500237,-0.14087434,-0.009591791,-0.08756469,-0.09412696,-0.1547678,-0.083941884,-0.023799727,0.0011050763,-0.036106616,-0.11090648,0.028107923,0.03873252,-0.04476788,0.019264042,0.0727304,-0.04118113,0.014093268
-0.086179815,-0.029365897,-0.07679487,0.01496197,-0.07478858,0.12892994,-0.10212805,-0.06458365,0.17901064,0.29347208,-0.05901828,-0.16545929,-0.06497173,-0.25509176,-0.022341438,-0.14152707,0.032933116,-0.029777404,-0.05599606,-0.072227135
-0.06804168,-0.013672438,-0.10095889,-0.02975401,-0.079696275,-0.118558176,-0.26898026,-0.1370182,-0.03747428,-0.055109676,0.13076197,-0.033936907,-0.060606126,0.07648342,-0.09421562,0.055992477,0.04888418,-0.0045371708,-0.0065946276,0.1558122
-0.078583784,-0.0074239927,-0.117856786,-0.12605865,-0.003998388,-0.14743593,-0.12105439,-0.12839913,-0.08533676,-0.038954437,-0.00024558988,-0.0380448,-0.097856365,0.08115383,0.047688976,0.061070614,-0.0027768435,0.07895532,-0.019763546,0.057396837
-0.053547416,-0.025322434,-0.22269173,0.18638484,-0.12754342,0.06908148,-0.10196422,0.094726846,0.11599282,-0.07986771,-0.07186874,-0.091869906,0.16542017,-0.22277862,-0.170488,-0.11510955,-0.35540512,-0.16275834,0.01564788,-0.16313009
-0.040264376,-0.0813856,-0.13439803,-0.22664548,-0.022502342,-0.07850225,-0.10148581,-0.08615881,-0.12547222,-0.05667784,0.039241266,-0.026417013,-0.115154475,0.015625125,0.06932804,-0.04104902,-0.01511278,0.06687742,-0.03014081,0.016949553
-0.45392844,0.1341609,-0.195358,0.46619916,-0.12843172,0.3389616,-0.006153947,0.13912384,-0.47000092,0.10681948,-0.32071865,-0.12942374,0.2628549,-0.051137213,0.19672711,-0.2693262,-0.37853235,-0.19250594,0.10148082,0.08388879
-0.25789237,0.3114653,0.012491595,0.3935306,-0.22647862,0.44480625,-0.04445719,0.3731775,-0.018584905,0.3104599,0.11081002,0.30254465,0.44997296,-0.09424739,-0.008818404,0.0052437615,-0.07442146,-0.56801957,0.07154248,-0.081667334
-0.026624763,0.026213406,-0.020873334,0.21787742,-0.027289644,0.11401997,-0.029894527,0.15667628,0.023160707,0.10170987,-0.08794819,-0.088150054,0.050419066,-0.3625236,0.080818,-0.024058683,-0.04718452,-0.16087146,-0.010488914,-0.01359475
0.07705609,0.032356065,-0.024601178,0.022871988,-0.038296565,0.005345996,0.03321735,0.012699994,0.0595661,0.21729007,-0.37393695,-0.2439853,0.066153504,-0.2698739,0.117916755,0.05761575,-0.12738417,0.15405206,-0.012994264,-0.003143566
-0.12877607,-0.036738656,-0.1339275,-0.039958023,0.012177278,-0.024485385,-0.113954686,-0.12938578,-0.08929472,-0.06343186,-0.06569503,0.09970021,0.030636746,-0.024158083,0.0067815604,-0.018230522,-0.06419338,0.054584898,-0.13785988,0.060159054
-0.06835664,-0.038953748,-0.091656476,-0.18477434,-0.054449406,-0.08175919,-0.109929845,-0.116385035,-0.06516316,0.008168196,-0.01232546,-0.039254438,-0.10806679,0.04416841,0.07544565,-0.05788075,0.017256776,0.090422526,-0.08141007,0.053713158
-0.034950804,-0.011641831,-0.1066949,-0.1523547,-0.014045187,-0.15034874,-0.12691359,-0.14855804,-0.07203815,-0.031341273,0.012194085,-0.08757144,-0.10031098,0.0118421465,0.11547901,-0.051777545,-0.0109691275,0.11375536,-0.10065011,0.04825828
0.069807135,-0.096856505,-0.16411635,0.056768626,-0.12234557,0.09515462,0.0074300105,0.03971056,-0.009487193,0.09233798,0.044682182,-0.050686177,-0.068382464,-0.16022997,-0.029826283,-0.12968968,-0.047796167,0.040521327,-0.059875548,0.049238987
-0.08853217,-0.030582994,-0.13713588,-0.24189115,-0.0144802425,-0.11701961,-0.1414465,-0.15346284,-0.121795826,0.038517825,0.0032219675,-0.06363405,-0.07497815,0.05506915,0.08558187,-0.023086457,-0.054877266,0.07681804,-0.045037147,0.018524222
-0.11667547,-0.0522705,-0.1442218,-0.2514458,-0.072783016,-0.116904885,-0.102712505,-0.089810476,-0.066692956,-0.054691937,0.0267215,-0.02100785,-0.09262366,-0.029093012,0.072764374,-0.045201913,0.021809002,0.10167961,-0.07759305,0.00532813
-0.032249287,-0.018879248,-0.13333452,-0.19040677,-0.1412773,-0.014819795,-0.04486577,-0.14219901,-0.13328803,0.044779837,-0.04648732,-0.012580939,-0.0911203,-0.039246727,-0.0041346056,-0.06457145,-0.085806064,-0.022286572,-0.06809463,0.006324548
-0.0983714,-0.0044876505,-0.12478364,-0.18401489,-0.056723334,-0.1002826,-0.08916381,-0.13734677,-0.22392322,-0.113545924,-0.011851654,-0.04950357,-0.19092596,0.048535988,0.08558912,-0.0706115,0.02838684,0.10836313,-0.052536324,-0.0024818925
-0.048775792,-0.05265221,-0.09087581,-0.13924193,-0.028138574,-0.07179011,-0.19604272,-0.10049743,-0.10585435,-0.06997566,0.021986185,-0.05174169,-0.08132719,-0.018155612,0.076057576,-0.0380173,0.0603503,0.11112751,-0.0016534643,0.04197507
-0.2819593,0.03714585,-0.08610349,0.16975917,-0.15061884,0.05419354,-0.06850838,0.06768166,-0.17269842,0.10283639,-0.048321173,-0.16719683,0.17832717,-0.03282786,-0.025104795,-0.044475053,-0.18795183,-0.25824696,0.09438945,-0.0116724195
-0.06387315,-0.07646268,-0.104213834,-0.1789353,-0.049465563,-0.089689426,-0.09601274,-0.11615401,-0.111476146,-0.049409106,0.016659446,-0.03802876,-0.096835054,0.00014855426,0.048113313,0.003837914,0.007882498,0.12696807,-0.045145076,0.03401205
-0.18726738,-0.018688709,0.010744661,0.14137664,0.069357544,-0.03841177,-0.021013586,-0.09304587,-0.06519424,-0.012376672,0.121082015,0.29118904,0.07410328,-0.10293341,-0.059116837,0.11638772,0.12246852,-0.22402711,-0.04297492,-0.04427339
-0.18305266,0.012847772,0.013955098,0.09053986,-0.08153391,-0.10027745,-0.13160981,0.011083363,-0.12460604,-0.00020639655,0.14497027,0.060184516,-0.04103041,-0.03177734,-0.04727705,0.20820677,-0.016558679,-0.055885803,0.0075696507,0.0032167546
0.15607221,0.07551135,-0.17340812,0.07441836,0.057256926,0.026140701,0.166134,0.47736287,0.06364209,0.55862576,-0.4451617,0.057734087,0.4223189,-0.018971633,0.15160154,0.33994746,-0.3887145,-0.081768595,0.025013886,0.17452176
0.031199034,-0.06346569,-0.06728954,0.4197774,-0.04658595,-0.059327733,0.07306091,0.14064233,-0.107181594,-0.073027186,0.0006408851,0.21849026,0.07590839,-0.09504088,0.17666304,-0.0077390014,0.13595703,-0.6159883,-0.33764377,0.15655418
0.08649419,-0.07524824,-0.060100373,0.06421123,0.058855467,0.04346247,-0.16120198,0.024750575,-0.20105664,0.089580595,0.04025112,-0.29093972,-0.0043063248,-0.23254357,0.13047695,0.006075765,-0.121210106,-0.1811898,-0.106002964,-0.127283
-0.11505204,-0.10314288,-0.056001607,0.022120452,-0.09222932,-0.08926534,-0.23155822,-0.09434054,-0.19706148,0.00016545555,0.01649687,0.0211177,0.018218596,0.012820728,-0.066673435,0.1698717,0.09570593,-0.10513335,-0.10379005,0.0530397
-0.24759871,-0.077412605,-0.0526163,0.027515993,-0.018642964,0.012477187,-0.15753427,-0.093381725,-0.06885145,0.014120308,-0.029779946,0.043444112,-0.07409113,0.045964785,0.1448019,-0.0060824812,0.017971415,-0.016043399,-0.09214903,-0.027168114
-0.3021414,-0.018451324,-0.0639557,0.0754405,-0.04877644,-0.18191977,-0.1316551,0.046821557,-0.10568845,-0.07078737,0.035124786,-0.021341229,-0.10268969,-0.022302292,-0.040966235,0.045578565,-0.09549124,-0.087647334,0.0919868,0.060517803
-0.12478531,-0.010054911,-0.16454296,-0.20600449,-0.09184919,-0.098949574,-0.089818954,-0.1806181,-0.15786614,0.039633892,0.0778038,-0.090645485,-0.120368265,0.013982124,0.07934194,-0.012073609,0.034486216,0.115082264,-0.06283485,0.07418294
-0.2947478,0.09082065,-0.48334724,-0.002617404,-0.1414963,-0.026202692,-0.103031345,-0.19085492,-0.110137835,0.032383174,-0.13009721,-0.18496601,0.048176657,0.12344431,-0.05599788,-0.111079656,-0.21084034,0.08549578,0.03064758,0.33352804
-0.1506785,-0.053169027,-0.11769012,-0.11197326,0.003581068,-0.106469765,-0.0957588,-0.07247279,-0.13279034,-0.06667675,0.07374874,-0.17074168,-0.045927156,-0.08906754,0.052392058,0.013100105,3.338443e-05,0.031063039,0.057281945,0.19840755
-0.02380308,-0.038902394,-0.19448894,-0.11699433,0.01924585,0.008901696,-0.046777967,-0.15061726,-0.06379029,0.050324183,0.004239121,0.004296067,0.028172037,0.006562632,0.06275186,-0.040254083,-0.052189402,0.06507606,-0.036661513,-0.105025314
-0.09056097,-0.03980464,-0.08947256,0.07211523,-0.10997989,-0.050196934,-0.037295006,0.0042668204,-0.01171494,0.02025135,-0.06343134,-0.11070496,-0.0985183,-0.100803554,0.018193256,-0.047216486,-0.12497759,-0.063776545,-0.0881598,-0.036346097
-0.09441126,-0.04954999,-0.12076633,-0.21174262,-0.11304035,-0.1823752,-0.042372324,-0.08696741,-0.16501781,0.06529044,0.07249975,-0.034674693,0.13644715,-0.046809785,0.06410443,-0.031853918,-0.1197391,-0.04053352,-0.03567488,-0.041573837
-0.17561895,-0.042003855,-0.010803208,0.17509927,-0.042236175,-0.009646207,-0.019107735,0.034505643,-0.0003918739,0.035875104,-0.07885928,-0.06786487,-0.039214097,-0.06577927,0.014353472,-0.0049314266,0.025059564,-0.24965179,-0.112559624,0.061380703
0.123262405,-0.13336848,-0.21920572,0.15010493,-0.0626553,0.075597085,-0.021485627,0.076406516,-0.07414942,0.1205196,-0.14855929,0.03966605,0.104447216,-0.17133318,0.07113913,-0.118852474,-0.046440847,0.18799321,-0.104928076,0.043980367
-0.18917336,-0.06854215,-0.043168303,0.17059852,0.041585863,-0.037004806,0.012661047,0.04958357,-0.08349238,0.074711345,0.04133169,-0.01789122,0.053991884,-0.080048904,0.0221834,0.049622443,0.007897181,-0.2975493,-0.069251984,-0.016529411
0.12985685,-0.14611122,-0.17255534,0.14414304,0.23053043,0.09867496,0.04227368,0.5024509,0.39998436,0.54265684,-0.30971768,0.24790013,-0.1190806,-0.23620692,0.3677482,0.092673294,-0.20724198,-0.08399678,0.28157935,-0.19764446
-0.23532973,0.17105746,0.31331897,-0.060365353,0.0378233,0.17171662,-0.019701127,-0.23689656,-0.17871988,-0.090665095,-0.105766654,0.14345306,0.35726532,-0.17373644,-0.40969858,-0.004283028,0.043078166,0.24361402,0.15597352,-0.13492015
-0.043641586,-0.08460888,-0.15852506,-0.22755538,-0.069490395,-0.13529854,-0.16620672,-0.12288098,-0.059457865,-0.053944,0.030649403,-0.11659507,-0.1008372,0.047658656,0.028129082,-0.04646468,0.049833234,0.10247603,-0.030362127,0.03433468
-0.14773934,-0.24266082,-0.053302925,-0.24835609,-0.16777445,0.051386897,-0.17326891,0.0624996,-0.22740355,0.1745006,-0.13448176,-0.4158731,0.050479732,-0.5471358,0.29160044,-0.24045347,-0.34726167,0.116255455,0.16036175,-0.43117663
-0.42443994,0.07560632,0.09955944,0.23551738,0.13699356,0.23333648,0.12081163,0.11695713,-0.04103991,0.21496506,-0.10238065,-0.08521851,0.5303754,-0.20096573,-0.12928762,-0.0063884016,-0.2189875,-0.47361302,-0.027806075,-0.5640281
-0.13637027,-0.0542245,-0.08950344,-0.047039438,0.07460909,-0.061864354,-0.17367303,-0.033348065,-0.06429754,-0.022467671,0.11482392,-0.09817254,-0.015432175,-0.026906576,0.15679343,0.10410431,-0.013809815,-0.11724812,-0.049795374,0.024910063
-0.07717509,-0.07824025,-0.12420695,-0.17757514,-0.05697593,-0.11883825,-0.09881298,-0.16973099,-0.10719951,-0.064329416,0.015099904,-0.047897197,-0.08226303,0.012212233,0.044492714,-0.017480908,-0.0052091246,0.0923036,-0.10484619,0.067290165
-0.0551625,-0.020960923,-0.15842856,-0.20303178,-0.09066291,-0.052261833,-0.1068332,-0.167255,-0.065390125,-0.004808165,-0.028000895,-0.09633374,-0.10764838,0.04007248,0.07500398,-0.05071296,-0.016780829,0.12307711,-0.049029585,0.072214074
-0.09718512,-0.020685874,-0.12425644,-0.16197391,-0.048374664,-0.061542124,-0.14409891,-0.12600099,-0.096953794,-0.03869894,0.028026523,-0.10451187,-0.09132677,0.024087083,0.01173972,-0.0277319,0.043962006,0.07024104,-0.068181664,0.063195415
-0.15603222,-0.016090548,-0.29863572,-0.029471258,-0.17109406,-0.022281507,-0.12959754,0.026156284,-0.30533385,-0.17331436,-0.16181388,-0.07983215,0.09950194,0.089378744,0.089227386,-0.10895391,0.039203376,0.14740399,-0.094198175,-0.13761088
-0.043900143,-0.0743652,-0.13121556,-0.16790898,-0.022612432,-0.07995023,-0.16587107,-0.17119241,-0.05256345,-0.05809676,0.051732387,-0.078859255,-0.1085624,0.06823535,0.09377187,-0.023354035,0.024589524,0.08542062,-0.047663677,0.044417113
-0.19691253,-0.022071138,-0.1621406,-0.20639202,-0.068856865,-0.12526296,-0.13002674,-0.19610502,-0.071569085,-0.048910834,-0.02911887,-0.060051046,-0.03720667,-0.07267247,0.0890833,-0.025016872,0.017058827,0.0008342154,-0.037040595,0.022831699
-0.15495469,-0.07476286,-0.25908113,-0.07656462,-0.0089452155,-0.19492407,-0.14854683,-0.0035422246,-0.082939364,-0.14334936,0.14296892,0.010697979,0.11233038,-0.24542724,-0.04318117,0.06994664,-0.11076333,-0.144317,0.059196133,-0.144119
-0.2067147,0.1360229,-0.40148842,-0.23055409,-0.26391897,-0.24703416,-0.3158465,-0.122533545,-0.40368435,0.25858682,0.457761,0.014376126,0.20351885,-0.54208183,-0.48496446,0.17167485,-0.44189775,-0.6794762,0.06330957,-0.10697447
-0.12313637,-0.035943974,-0.15001483,-0.18641989,0.0031813295,-0.078864835,-0.12322811,-0.107975446,-0.06365565,0.06594552,0.03262993,-0.031462416,-0.10232935,-0.08572354,0.1646452,-0.064382546,-0.023177743,-0.011873654,-0.06345199,-0.014321489
-0.14464596,-0.06804321,-0.14706361,-0.1437876,-0.011291786,-0.066491544,-0.083413444,-0.116252765,-0.07694372,-0.04686869,0.040922318,-0.001890452,-0.096446745,0.06622922,0.059486896,0.03472555,0.05045403,0.07551108,-0.10854141,0.04181875
-0.10409213,0.09381511,0.027085487,0.07648209,-0.23356539,0.12914541,0.17458676,0.060386084,0.040641896,0.2379013,0.039449643,-0.1402151,0.35190538,-0.07015482,-0.122150786,0.027359081,0.10269614,-0.23520689,-0.26704478,0.08214945
0.014356219,-0.07803722,-0.20318279,0.032657288,-0.13830426,0.098991126,-0.10554025,-0.06521278,-0.02016308,0.024536025,0.082040526,-0.043394692,-0.013793523,-0.07836466,0.05119776,-0.085967824,-0.059871104,-0.07843229,-0.16510302,-0.065147616
-0.06203612,-0.014803461,-0.11679522,-0.18821605,-0.067899525,-0.15589266,-0.110637985,-0.13139237,-0.10159304,-0.044275,0.016754832,-0.028223038,-0.114558645,0.024290146,0.087183796,-0.040761016,0.06114631,0.11345159,-0.049343,0.04748924
-0.16873462,-0.025760569,-0.08509787,0.14157943,-0.07385271,-0.009392284,-0.033552818,0.014489871,0.020708816,-0.035314124,-0.07643633,-0.037643503,-0.012414769,-0.07953615,-0.03560322,-0.06863135,-0.084908515,-0.030247247,-0.050266974,0.06733842
-0.14188722,0.13710862,-0.1272622,0.20710742,0.12937656,0.1628282,0.14167824,0.053217217,-0.071148664,0.15463085,-0.036588475,0.23740695,0.132012,-0.09341983,-0.093869425,0.2787274,-0.2701093,0.014451816,0.00068749546,-0.04272137
-0.06393982,-0.073458225,-0.13792609,-0.17351511,-0.04425288,-0.0941555,-0.1259246,-0.14153306,-0.07418348,-0.036285806,0.018585885,-0.03885599,-0.0973651,0.021645058,0.057882432,-0.021973426,-0.007959078,0.17463532,-0.02396519,0.009073987
-0.039545193,-0.017592866,-0.22616856,-0.20677324,-0.108483896,-0.056666818,-0.104358986,-0.060649738,-0.04239573,0.041464973,0.041475203,-0.008291589,-0.09617676,-0.044103876,0.12332612,-0.14822449,-0.06734967,-0.022309937,-0.14145957,0.018668853
-0.05302661,-0.07514048,-0.0504352,0.06353232,-0.11119521,0.0069920765,-0.06474779,-0.039156497,0.0075433226,0.06972169,0.053901915,-0.082572795,0.034763046,-0.099008195,0.2336083,-0.08447699,-0.13265991,-0.12447011,-0.14097022,-0.11954599
-0.08288848,0.12715925,0.2764565,0.10748926,-0.027287152,-0.02812503,0.3065882,0.3288146,-0.30209532,0.18646584,-0.0012010303,-0.3698865,0.11186624,-0.09619995,0.2662938,0.16797814,-0.06921136,-0.45460883,-0.024763756,-0.113279566
-0.18325141,-0.07322418,-0.03304691,0.026605329,0.038974945,0.058571737,-0.07722798,-0.044485986,-0.12037623,0.004810678,0.06012938,-0.09192109,0.0054101544,-0.058731943,0.07629557,0.17374957,-0.11972422,-0.19142236,-0.14304657,-0.052536037
-0.051203005,-0.03235416,-0.11076273,-0.20605429,0.027883088,-0.07904637,-0.03144987,-0.12446601,-0.09332183,-0.029014053,0.08450735,-0.09911514,-0.11284398,-0.038311306,0.104846984,0.03751924,-0.011948133,0.012793142,-0.08923172,0.04902005
-0.08157916,0.004308994,-0.06597934,-0.151101,-0.05464527,-0.040163282,-0.09938122,-0.12959394,-0.079132594,-0.059764702,0.008214856,-0.07790846,-0.12639052,0.052015368,0.10215208,-0.023256337,0.01956491,0.09800535,-0.08717986,0.032363135
-0.07070353,-0.060919218,-0.09998247,-0.16915073,-0.027540116,-0.11830547,-0.113919616,-0.1394918,-0.08570232,-0.02719411,0.012188387,-0.056582037,-0.16635169,0.029929345,0.02265219,0.009536444,0.020676082,0.1129378,-0.032956664,0.07136098
-0.09982237,-0.012513229,-0.1622675,-0.15240894,-0.012917915,-0.042887017,-0.105299555,-0.11892157,-0.08720643,-0.039564975,0.023162192,-0.048675288,-0.07224594,0.037655007,0.11856252,-0.017755665,0.052239317,0.085465886,-0.048967097,0.06272937
-0.077094726,-0.04833557,-0.111342765,-0.15028867,-0.03143342,-0.09317819,-0.05505948,-0.16257372,-0.10891785,-0.040473804,-0.00073543994,0.01144176,-0.07303024,0.059215765,0.019048411,-0.04626356,0.07868829,0.08936121,-0.1008731,0.062561326
-0.13606688,-0.11263143,-0.108299464,-0.24432835,-0.05369868,-0.11838878,-0.081425846,-0.1265512,-0.11180308,-0.025529243,0.0028399206,-0.081154354,-0.0065219784,0.011325205,0.0068507744,-0.09678906,-0.0097424695,0.08980917,-0.0998768,0.0013095132
-0.074755326,-0.05425134,-0.13653205,-0.19333191,-0.06646796,-0.10027173,-0.107591756,-0.15684633,-0.122272335,-0.08610809,0.06950614,-0.052269094,-0.14647113,0.06009605,0.07252824,-0.030891366,0.039518815,0.12968864,-0.08231053,0.030815544
-0.09193831,-0.05557872,-0.10648987,-0.2203705,-0.0559194,-0.083142,-0.093029,-0.18743497,-0.12384065,-0.024816094,0.017494407,-0.08563618,-0.07594849,0.054521527,0.07198993,-0.025263382,0.025976826,0.11161104,-0.11375993,0.050587717
-0.0901567,-0.03241511,-0.04521001,-0.16666043,0.022382816,-0.08693653,-0.0913087,-0.14741877,-0.06641175,-0.03577701,-0.02090993,-0.06690126,-0.06422096,0.04303061,0.033548713,-0.010116554,-0.038381997,0.09497183,-0.089372925,-0.0056863856
-0.14838251,0.008767988,-0.13570869,-0.13612899,-0.07767588,-0.075871415,-0.15657496,-0.09995394,-0.04818728,0.031157268,0.03241869,-0.03915939,-0.06573506,0.028837947,0.11243603,0.083410524,-0.0059995553,0.104254946,-0.09594281,0.11985539
0.37535444,-0.3539676,0.2835973,-0.47244698,0.02471052,-0.24139047,-0.4235721,-0.21817137,0.41134173,0.76904696,-0.3842192,0.4681562,-0.068848185,0.31960762,0.4763581,0.013109397,-0.22944756,-0.30872625,0.16724348,0.30186412
0.019248443,-0.3877275,-0.19919151,0.08075278,-0.09653451,0.35878345,-0.31789312,0.33374184,0.078593716,0.5716913,0.44995615,0.16447526,-0.31575114,-0.44801044,0.43255344,-0.39093754,0.15538767,-0.32915184,0.2534585,0.09864278
-0.043146912,-0.023054248,-0.15813482,-0.21705705,-0.045376416,-0.102049895,-0.11288893,-0.11763294,-0.05550018,-0.06621402,-0.007034055,0.038757652,-0.059658617,0.049562167,0.030901058,-0.03426184,0.019931667,0.14338395,-0.06133155,0.07394634
-0.03141381,-0.013252966,-0.12719786,-0.16986169,-0.029476093,-0.13490352,-0.110864006,-0.2093183,-0.12847991,-0.04513745,-0.0017989883,-0.06833251,-0.100814395,0.10152639,0.055981155,-0.040512078,0.02792569,0.1209617,0.00893377,0.0062046465
-0.3058741,0.12824796,-0.10206106,-0.117350854,-0.25508508,0.023919301,-0.3613229,-0.00216138,-0.086669445,0.36317727,-0.0772268,-0.16797926,-0.22470507,-0.15552472,0.078684226,-0.27751964,-0.16252609,0.16116263,0.033238966,-0.1617477
-0.022816852,-0.4709285,-0.27733192,-0.074828364,-0.096953295,-0.43332672,-0.13124473,0.14632697,-0.083007924,0.036529854,0.37878615,-0.38478327,-0.47951418,-0.15268372,0.38496897,0.3485542,-0.11900721,-0.138844,-0.16150448,-0.079494394
-0.0790378,-0.13037667,-0.08113109,-0.23768878,-0.0030534982,-0.106572606,-0.123085745,-0.13776083,-0.076986425,-0.0270088,0.04323848,-0.07064725,-0.11970085,-0.011942595,0.02347238,-0.027998928,-0.034216326,0.11719276,-0.09808008,0.013133521
-0.024922676,-0.056353647,-0.061578467,-0.19473845,-0.058868624,-0.060506526,-0.13458578,-0.14426932,-0.08996013,-0.08205543,0.006521334,-0.08527562,-0.082141705,0.0108924145,0.046950758,-0.058089465,0.06130185,0.058971763,-0.058593553,0.025865594
-0.23799656,-0.13511634,-0.22878264,0.4198969,0.4120491,0.5036078,0.22255486,0.24031276,0.2439187,0.732615,0.07002298,0.22225665,-0.13318336,0.24337263,0.7290931,0.38963845,-0.12698598,-0.025932996,0.02087926,0.014622032
0.056076176,-0.0066022994,-0.03914822,0.23220402,0.09884126,0.31126428,0.1323166,0.040366817,0.0251494,0.45878372,0.15509373,0.3185103,0.040570144,-0.15086038,0.14142215,0.12198153,-0.42761856,-0.37984455,-0.10475884,0.06877905
-0.021419225,-0.11044818,-0.19937864,0.16222726,0.1038769,0.3907311,-0.036040954,0.15918396,-0.15535711,0.2858701,0.05575699,0.2404102,-0.20639308,-0.07521659,0.16561407,-0.08028243,-0.0023370895,-0.19395804,-0.06828228,0.16841961
-0.21367267,0.008395196,-0.014370427,0.08785875,0.019164909,0.015664607,-0.12253104,0.06671165,-0.10705725,-0.0076971827,0.027479192,-0.030421805,0.06603648,-0.044173185,-0.11827716,0.0052883537,0.06136251,-0.29277056,-0.007002303,0.052011978
-0.08689429,-0.10055857,-0.12556626,-0.23704833,-0.0880703,-0.05537776,-0.061012786,-0.15621874,-0.09940786,-0.07224184,-0.00048414766,-0.030887224,-0.18612032,-0.0130961705,0.031007076,-0.020837823,-0.04365159,0.108164266,-0.107110776,0.06440352
0.20541406,-0.12404519,-0.22714673,0.14336199,-0.22361328,0.33650374,-0.19914322,0.12453323,0.09804718,0.43123856,-0.18972057,0.08192799,-0.13367563,-0.32221043,0.02805694,-0.17861326,-0.034317266,-0.022048414,0.28350133,0.2901402
0.06388977,-0.00422972,-0.13378274,0.021277817,-0.12570858,0.043973915,-0.044059783,-0.1418951,0.0020321226,-0.0041519436,-0.0097577525,-0.0906822,-0.049113806,-0.06287404,0.089263655,-0.108718604,-0.018493822,0.02196084,-0.07929342,-0.012440842
0.023183318,-0.044032726,-0.14571273,0.05016509,-0.041568123,0.010322087,-0.11407235,-0.028027052,-0.06706671,0.010577319,0.013348501,-0.053280402,0.085398,-0.1527912,-0.013517794,-0.06389655,-0.16511121,0.012053891,-0.10011207,0.080757245
-0.27541223,0.0071751387,-0.11209436,-0.19609761,-0.099615715,-0.12808035,-0.14009912,-0.17339279,-0.059416194,0.010731249,0.046997275,-0.094418935,-0.07714312,-0.009788427,0.111217685,-0.024997674,-0.1250029,0.011756387,-0.009864876,-0.05150835
0.08093349,0.2898471,0.11397682,0.18398142,-0.16000712,-0.2684757,-0.32741967,0.04760394,-0.19200951,-0.14106385,0.20576084,0.41210717,-0.24452168,-0.31830463,0.28877494,-0.06917471,-0.27242878,0.16297083,0.048241023,0.018928247
-0.10419766,-0.05714597,-0.15956348,-0.18724501,-0.06611649,-0.12576093,-0.08859038,-0.13889164,-0.061806552,0.008264847,0.06361937,0.010880612,-0.12036013,0.029419722,0.03399164,0.002883997,-0.020440387,0.06503188,-0.061566364,0.11444874
-0.106776886,-0.09960388,-0.15482095,-0.16889878,-0.031975675,-0.043597147,-0.080600634,-0.07384916,-0.07050657,-0.027070943,0.02571285,-0.012578659,-0.12008734,-0.017556181,0.055714127,-0.061439868,-0.024034783,0.12126796,-0.10048605,0.061118495
-0.06878181,-0.11257544,-0.12821124,0.063577645,0.0960789,0.10319212,-0.17448366,-0.15884766,-0.33240277,-0.16181727,0.018908815,0.08030656,0.031699773,-0.042464275,0.2253814,0.19274507,-0.20808828,-0.08348691,0.052726246,-0.25824946
-0.046726204,-0.042488582,-0.16644908,-0.23790233,-0.0836688,-0.101069376,-0.08652496,-0.15738128,-0.080738075,-0.034425616,0.010849055,-0.086173125,-0.11766046,0.0952662,0.037777748,-0.043765064,-0.019826084,0.16234186,-0.068539076,0.092485346
0.27922866,-0.14351737,-0.03680886,-0.17515595,-0.01834859,-0.21201389,0.022456048,0.20814471,0.16180189,-0.02659293,-0.22563669,-0.4616473,0.2437903,-0.42407268,0.44109043,0.4048864,-0.01929921,0.019274222,-0.16827665,-0.30122712
-0.1029893,-0.03269331,-0.084941454,-0.25709146,-0.07429133,-0.12780875,-0.08018425,-0.12406195,-0.08801729,-0.06101715,0.035723746,-0.0488447,-0.0617036,0.025657203,0.026127836,0.005980707,-0.05316517,0.11846514,-0.12982458,0.020880055
-0.08105755,-0.02490911,0.026932925,0.27345088,-0.07609407,0.011460443,-0.05075236,0.14114274,-0.00032091248,0.08109742,-0.03994475,-0.122941166,0.13213792,-0.21391253,-0.08964055,0.086630575,-0.09566593,-0.076446176,-0.036781285,-0.12335913
-0.28680748,-0.17589362,-0.20187081,0.19682121,0.19576845,-0.116737984,-0.12664346,-0.2384711,-0.10122891,-0.11481074,-0.2032331,0.021040073,-0.2727321,0.03898712,0.05621666,-0.2320498,0.07195557,0.04374791,-0.07059683,0.1808763
-0.0787239,-0.051712222,-0.120165795,-0.21873808,-0.04373608,-0.1529332,-0.13851711,-0.10361234,-0.0830352,0.002161178,-0.0011031592,-0.046241138,-0.093681164,0.10722427,0.054895427,-0.014473824,-0.01734765,0.04484815,-0.0671982,0.03621365
0.10875413,-0.1401875,-0.08457093,0.06357047,0.06685705,0.36302444,-0.029296447,-0.0394964,-0.17627953,-0.021847548,-0.1830926,0.14121673,0.12733239,0.0066361553,-0.0018219651,-0.024104841,-0.060533863,0.16547064,0.047740765,0.11181742
-0.054810304,-0.043508314,-0.15598066,-0.17472911,-0.039836764,-0.10563441,-0.1081152,-0.15620089,-0.12043329,-0.017339341,0.05337325,-0.0192027,-0.11943399,0.05517008,0.053065855,0.009378497,0.019913558,0.08140623,-0.06409082,0.03041189
-0.0761364,-0.08020209,-0.1273552,-0.17694303,-0.048792385,-0.10231808,-0.09441303,-0.11416904,-0.07745968,-0.052366454,-0.032624327,-0.0677992,-0.11209215,0.026676487,0.084554054,-0.0213623,-0.0066589257,0.11280115,-0.023387462,0.018049886
-0.12581775,-0.05283704,0.070029005,0.20717497,-0.112547524,0.099610895,-0.043615654,-0.0013262402,-0.043372586,0.02731971,-0.10416242,-0.10835825,0.060338117,-0.09124255,-0.009307136,0.013478693,-0.09110455,-0.23101951,0.008107157,-0.087954044
-0.08769073,-0.070694685,-0.14497052,-0.18099375,-0.043073226,-0.11147788,-0.084309965,-0.103185244,-0.11276086,-0.031617705,0.012239301,-0.047916487,-0.13218147,0.057689197,0.083207734,-0.03386999,0.034342133,0.12965275,-0.058462087,0.024226379
-0.5309633,-0.38331935,-0.6866411,0.042744815,-0.5327235,-0.4874442,-0.5262244,0.2534924,-0.64645135,-0.4135642,-0.28832975,-0.5731755,0.50880307,0.08833428,0.46501932,-0.25403717,0.32419372,-0.1400792,-0.019286659,-0.45285377
-0.4264249,-0.07285487,-0.06934529,0.16277552,0.0073524,0.056195825,0.14758159,0.1649685,-0.53057545,0.21529025,-0.12783071,-0.44869712,0.27864122,-0.119286194,0.15437673,0.14696732,-0.37309766,-0.16189742,0.19771414,0.3408022
-0.63750464,-0.08114811,-0.3226406,0.19892648,-0.35582307,0.4648702,-0.0061801556,-0.1554445,-0.5665115,0.05076845,0.0077412752,-0.55126154,0.32530928,-0.028031344,0.54068035,0.07289802,-0.36730117,-0.46959338,0.21515973,0.18732618
-0.10802692,-0.04028162,-0.08450511,-0.23469332,-0.009718899,-0.0729183,-0.07464454,-0.13797498,-0.11663165,-0.046130553,0.01714737,-0.06313,-0.06972494,0.02673937,0.0804826,-0.021740576,0.06388952,0.10759747,-0.027351096,0.009452752
-0.1378146,-0.073395975,-0.09599616,-0.15283385,-0.018107,-0.08962039,-0.11412482,-0.1336947,-0.11964493,-0.05228182,-0.02811171,-0.011135768,-0.08119987,0.03597224,0.014803258,-0.05368051,0.029541852,0.052525986,0.00089124206,0.016147168
-0.15679523,0.028382419,-0.20575997,-0.21709254,0.062259868,-0.028036863,-0.09706182,-0.26850176,-0.14749314,-0.08051674,0.08386271,0.007542632,-0.06521845,0.11413201,0.055138055,-0.0019924315,-0.019109571,0.05465523,0.06463262,0.10806817
-0.40050668,-0.32250044,-0.20401067,0.02889301,0.084820084,0.33353356,-0.34316522,-0.21996352,-0.2646247,-0.19245173,0.37051567,-0.054986864,0.37192896,-0.40733385,-0.04507701,0.25956985,-0.01071713,-0.25337896,0.1198296,-0.49729952
-0.09453764,-0.0030732916,-0.061131082,0.01874514,-0.020091789,0.0055125873,-0.02426203,-0.4059022,-0.2858457,0.3985659,0.11349045,-0.092586786,-0.106726825,-0.5192256,0.062236458,0.23101497,-0.118319064,-0.10117032,-0.107193425,0.24832715
-0.031540055,-0.038207132,-0.05230175,-0.17511779,-0.057294358,-0.05534628,-0.1511797,-0.08407385,-0.12319953,-0.015768206,0.014144598,-0.058405142,-0.09964139,0.0729645,0.056924086,-0.052078225,0.020186424,0.052065063,-0.03910206,0.024523648
-0.1692937,0.29521683,-0.2597342,-0.39142287,0.15610385,0.12959053,0.04717683,-0.17674525,0.6609096,-0.13098201,0.06602256,0.37807482,0.39940467,0.28893113,0.32141185,0.05824512,-0.30958578,0.10417372,0.1920174,0.20925033
-0.13191396,-0.012053701,-0.120542035,-0.18614422,0.025133703,-0.16707918,-0.082937956,-0.08077004,-0.09478718,-0.03296026,-0.060820207,0.015002443,-0.05197003,0.053412486,0.11002123,-0.01983985,-0.02733199,0.0842039,-0.06575567,0.06078952
0.0499075,0.12055878,-0.3387731,0.097192116,-0.368891,0.25909764,-0.42887217,-0.33413377,-0.08006975,0.391953,-0.13960606,-0.39112413,-0.3599658,0.16043514,0.46731588,0.20753515,0.14668463,-0.34592032,-0.4541386,-0.1647901
-0.004776324,-0.25361884,-0.2866636,-0.5774976,-0.1956175,-0.4206189,0.0008862741,-0.3465428,-0.30457747,0.16481464,0.019355284,-0.3202971,0.142188,-0.25501162,0.26610172,-0.33569777,-0.19036114,-0.1852582,-0.3520541,-0.25454363
0.16692536,-0.6139308,-0.57494783,-0.16615745,0.06300469,-0.29094726,0.29780802,0.3763434,-0.32818818,0.24084416,-0.49156165,0.52184063,0.4500458,0.24167408,0.22608753,0.15500388,0.081670396,0.5974392,-0.044251215,0.28892413
0.12525257,0.07863578,-0.030742567,0.061469845,0.08312305,-0.11845981,-0.055519313,-0.07103467,0.029610053,0.11949802,0.07144136,-0.11194736,0.124635324,0.0670228,0.09674083,-0.0889017,0.0668994,0.051158562,0.07905532,-0.045309305
-0.008969373,-0.009520249,-0.18522696,-0.016934605,-0.12482983,-0.010947023,-0.030509554,-0.0094290925,-0.021715637,0.108513385,0.06481136,-0.12122515,0.07653584,-0.13407041,0.012609403,-0.08358041,-0.13689698,0.03470666,-0.15802437,0.029685168
-0.06210463,-0.031096006,-0.10303077,-0.14823772,-0.019767663,-0.13482639,-0.13388427,-0.07620183,-0.09500477,0.020791717,0.015278599,0.005741723,-0.12168699,0.021346832,0.08547768,0.007854886,0.05363305,0.061679237,-0.044401586,0.1063574
-0.1624516,-0.03680768,-0.09108292,-0.11801687,0.043130726,-0.05537178,-0.09960519,-0.05102402,0.0024322083,-0.08638344,0.03468251,-0.08533886,0.0022818188,-0.0016223512,0.116388984,0.0556833,-0.04419387,0.00500293,-0.043654855,0.11900406
0.0073321443,0.0008154999,0.07858766,0.27119666,-0.069804505,-0.024793604,0.045171615,0.1208926,0.041673746,0.18789113,-0.12701908,-0.064474784,0.05146501,-0.09607647,0.06606003,-0.02781127,-0.04250949,-0.20035683,-0.052606683,0.040737484
-0.29171655,0.035940886,-0.17240761,-0.0034314885,-0.14747366,-0.24135508,-0.11238748,0.19417408,0.0074916054,-0.017856278,-0.316779,-0.14073884,0.13727523,-0.120224245,-0.19227959,-0.23637913,-0.27674106,-0.120309986,0.06610325,-0.26425067
-0.061274316,-0.029722063,-0.15531042,-0.21454912,-0.03155785,-0.11972203,-0.058425765,-0.083906464,-0.065925315,-0.0043330938,0.044738762,0.006044825,-0.04024673,0.12830582,0.15983115,0.009371299,0.022145137,0.070854835,-0.024468208,0.033655003
-0.03527283,-0.026006652,-0.114068106,-0.16710545,-0.031683844,-0.10681905,-0.0606447,-0.14464065,-0.09720268,0.011778731,0.06463591,-0.008451825,-0.17035973,0.04631654,0.0974134,-0.044281185,-0.023491867,0.06773659,-0.06230841,-0.038654085
-0.034178965,-0.08523974,-0.15419534,-0.25177523,-0.038569484,-0.06976331,-0.09862484,-0.120426714,-0.1149864,-0.016261127,-0.037948567,-0.038615353,-0.110415556,0.044187993,0.07542542,-0.046781257,-0.0007828888,0.08179176,-0.037891284,0.07017018
0.25336128,-0.4225644,0.030864272,0.12807724,0.02190815,0.4068615,-0.20359208,0.28965053,-0.06580149,0.19722524,-0.20084316,-0.17366292,0.13109723,0.1449062,0.43131632,0.2867785,-0.38895804,0.22189048,-0.008615664,-0.40705281
-0.08973197,-0.04296601,0.026454126,0.27436647,-0.18975638,0.072129674,-0.046985857,0.0681253,-0.030419841,0.13401572,-0.0739199,-0.13658962,0.002910224,-0.11646095,0.055930685,0.09362681,-0.114918426,-0.1088482,0.022866828,-0.10901488
-0.07870326,-0.059576526,-0.01554887,-0.17931993,-0.028173028,-0.12312177,-0.16758461,-0.11090787,-0.0709061,-0.01831982,-0.006865371,-0.11128816,-0.21390884,0.020786164,0.11823588,-0.08186255,0.01872494,0.059967857,-0.03250433,0.049611434
0.07153479,0.14040133,0.23012078,-0.022265479,-0.024665957,0.36022308,-0.1360688,-0.004910091,0.31544688,0.59203243,-0.26478225,0.2218286,0.28868487,-0.38145706,-0.12160414,0.22212791,0.047630705,0.15726423,0.3092541,0.035381366
-0.21917395,-0.049257673,-0.024261525,0.17704703,-0.009004862,-0.032335076,-0.10879607,-0.01977686,-0.16583517,-0.106060654,-0.061525412,0.058833156,0.007912252,0.04247949,0.06532221,0.03695318,0.11393993,-0.101301216,-0.09356703,-0.025082858
-0.09758252,-0.019014658,-0.1356824,-0.19219157,-0.036341544,-0.1392107,-0.07481593,-0.116152525,-0.09254722,-0.06300054,0.018959716,-0.007739889,-0.11002736,0.044475622,0.03275429,-0.058657844,0.051351372,0.050246853,-0.025868734,0.022544554
0.28166163,-0.15807456,0.016125655,-0.025257885,-0.29717743,0.07796815,0.012503621,0.16645448,0.063673764,0.42076614,-0.11302268,-0.34856823,-0.038315326,-0.47844955,0.06506717,0.032749277,-0.0865991,0.01852382,-0.01936095,-0.3469567
-0.0037176865,-0.00024082873,-0.37650827,-0.18499883,-0.03211677,-0.043767255,-0.05734781,-0.3624905,-0.2353052,0.2892381,0.19219209,0.16963805,-0.21396327,-0.057620496,0.2449752,-0.004252252,-0.50939274,-0.2626558,-0.17999883,0.03393417
-0.03600167,-0.022391263,-0.17825624,-0.17036511,0.009808409,-0.014884052,0.2057275,-0.093361914,-0.17905942,0.31348833,-0.27657574,-0.49125558,0.330869,-0.51782876,0.046032008,0.27890942,-0.38698113,0.21203949,0.062115353,-0.1002242
-0.10626475,-0.05361682,-0.11895518,-0.20461904,0.011100546,-0.11829914,-0.11401304,-0.09718236,0.01978745,-0.10964675,-0.009552375,-0.057466116,-0.07331551,-3.214107e-06,0.04453143,-0.035988364,0.06224135,0.112596504,-0.04823162,0.009733416
-0.10037393,0.017602313,-0.061502885,0.08944636,-0.12528509,0.020751074,-0.038626846,-0.056036916,-0.02669808,0.058511086,0.05376078,-0.1282078,0.010348531,-0.024550958,0.08273476,0.01764757,-0.072241485,-0.0876262,-0.1668163,-0.07710463
-0.05368552,-0.034254823,-0.12851542,-0.2114104,0.01242176,-0.048293985,-0.0826578,-0.1393628,-0.09924708,-0.033788383,0.024690803,-0.038127467,-0.11955139,0.043496806,0.036969632,-0.04026407,0.022489198,0.09476884,-0.05106049,0.018863924
-0.097479604,-0.026463486,-0.14719161,-0.16425318,-0.05086183,-0.082502134,-0.062252242,-0.13314047,-0.060579557,-0.037075557,-0.00999175,-0.029455405,-0.1109932,0.009864042,0.11129338,-0.03906583,0.064840995,0.08814038,-0.06858908,0.034227
0.27174878,-0.30909333,-0.026210167,-0.11124135,0.03310662,0.550787,-0.35378268,-0.44878486,-0.21704869,-0.13616851,-0.56633824,-0.19666001,0.23255277,-0.17529368,0.28648907,0.4483219,0.020309681,-0.3216834,0.073647365,-0.7682081
-0.101125866,-0.04202977,-0.09411146,-0.19858363,-0.027672578,-0.112149544,-0.14275615,-0.13450919,-0.11606135,-0.004977628,0.019347781,-0.041886125,-0.11542602,0.05781034,0.04350468,-0.011834126,-0.0021256898,0.061505906,-0.07770231,-0.008841348
-0.17577912,-0.025725577,-0.036274165,0.19870214,0.024018357,-0.08301769,-0.054862697,-0.049346596,0.0046534603,0.050712343,-0.031454206,-0.003973535,0.06924288,-0.083533384,0.15469502,0.07241731,-0.13080524,-0.34178936,-0.08358201,-0.051726617
-0.1766571,-0.04045638,-0.08331957,0.1369262,0.003524299,-0.04326149,0.0013958847,0.052281994,-0.06572321,0.026679644,-0.032286394,-0.061667405,-0.068634205,-0.10446838,0.060137857,-0.06096702,0.029681714,-0.12346177,-0.01658953,0.05955269
-0.06911563,-0.06306985,-0.03879892,-0.14793536,-0.030065339,-0.10220969,-0.09339947,-0.105914906,-0.08231922,-0.026617656,0.015278004,-0.10585436,-0.121763885,0.028246175,0.04218853,0.013560285,0.022982538,0.08014257,-0.11415982,0.092144385
-0.15128417,-0.06102507,-0.15588798,-0.22561346,-0.061631367,-0.08206185,-0.15179549,-0.11335033,-0.12559047,-0.056804635,-0.023595793,-0.014358972,-0.07243791,0.025642,0.09302925,-0.10146407,0.020221168,0.07498002,-0.009887155,-0.013970885
-0.03490511,-0.032847714,-0.10046886,-0.17345469,-0.03348056,-0.07633164,-0.10499663,-0.1462635,-0.0930703,0.026619237,0.006342707,-0.06493316,-0.10643905,0.050857637,0.13732967,-0.001395456,0.04079004,0.0700116,-0.08919563,0.012536857
-0.10106992,-0.051964965,-0.08883415,-0.24991113,-0.038666848,-0.12801075,-0.13595495,-0.14655101,-0.09215024,-0.076316334,0.04377733,-0.071732126,-0.13742937,0.040762577,0.022711223,-0.020652883,0.030463235,0.117963135,-0.1032559,0.07615687
-0.11489661,-0.05133123,-0.15382962,-0.21430779,-0.051281556,-0.1521858,-0.113800995,-0.108781956,-0.11397293,-0.041247312,0.017123003,-0.05804987,-0.103813246,-0.018248247,0.08976309,-0.038260993,0.08338546,0.08163251,-0.04483883,0.05185135
-0.261735,0.049888793,-0.1729826,-0.060326792,0.07101002,-0.092421435,-0.07185177,-0.032167535,-0.034925856,0.047074858,0.055522427,-0.12315057,-0.020286473,0.059323642,0.068657696,0.14443281,-0.06915991,-0.014384965,-0.012660578,-0.047393337
-0.10143973,-0.032617405,-0.14504327,-0.16114338,-0.060018886,-0.1552924,-0.12343737,-0.15986514,-0.13192353,0.015169093,0.054859616,-0.08344087,-0.07672875,-0.026403893,0.032181352,-0.09691517,0.02973211,0.04582128,-0.071897216,0.04363904
-0.063989505,-0.09064133,-0.1290921,-0.16150774,-0.040405974,-0.115450256,-0.13369118,-0.16221474,-0.07352571,-0.045078784,-0.008144606,-0.008937131,-0.12781191,0.022082573,0.036915,-0.02303846,0.0028136233,0.09297299,-0.08336907,0.0134370355
-0.09211166,-0.021321144,-0.05949233,-0.1932764,-0.032293074,-0.06880301,-0.11607508,-0.13507487,-0.09742322,-0.05171088,-0.0048897066,-0.06863255,-0.10576682,0.041389704,0.07818684,-0.026070701,-0.043068726,0.058553465,-0.07034886,0.02963557
-0.14540693,0.02800004,-0.0904092,-0.07583189,0.05756856,-0.12738873,-0.07694537,-0.20941441,-0.05012051,-0.017620618,-0.096756645,-0.04562676,-0.021428118,-0.1516323,0.15979326,-0.021569412,0.024934974,-0.16227788,-0.13388507,-0.15994382
-0.23563415,-0.032486048,-0.23401718,-0.13049403,0.13518193,-0.19093473,-0.004163199,-0.09216102,-0.12070559,0.027003298,-0.00825152,-0.09638776,0.0010299598,0.021403108,0.11095443,-0.07298919,-0.05592655,0.045356445,-0.044250876,0.04625831
-0.031053834,-0.00971527,-0.095603935,-0.15658997,-0.03509865,-0.012257476,-0.08751473,-0.03556464,-0.055099584,0.012194529,0.07348078,-0.13423993,-0.09907958,-0.0026844693,0.09651411,0.017643858,0.06364599,0.108425744,-0.10325598,0.062497847
-0.09327177,-0.06716057,-0.13031593,-0.17496791,0.005118906,0.017658962,-0.10758588,-0.15526152,-0.098901436,-0.07148293,-0.018699856,-0.047986202,0.05099121,-0.11684223,0.064873405,-0.0028137055,-0.007899783,0.042077895,-0.16450906,-0.0051293834
-0.27473912,0.035664555,-0.06272361,0.05486151,0.00088750076,-0.07133662,-0.0059483354,-0.044209678,-0.2994864,0.22846536,0.059840206,-0.093165904,0.06287566,-0.066526406,0.21795402,0.12754513,0.007273563,-0.21451175,-0.05429603,0.12665166
-0.19053258,-0.06187529,-0.12308242,-0.11490551,0.031078279,-0.102042705,-0.052246265,-0.10120216,-0.012192168,-0.056754403,0.0372539,-0.103139415,-0.1666228,-0.05686529,0.24639195,0.01651627,-0.083579876,-0.04119742,-0.03587857,0.12211318
-0.024269821,-0.056067653,-0.16254649,0.20273,0.06025061,0.17659919,-0.022036038,0.16842707,-0.08178682,0.14990155,-0.021768635,-0.12237689,0.115221515,-0.3140255,0.04835305,0.10511741,-0.34767365,-0.10517796,-0.19775672,-0.27218622
-0.09671595,-0.030473229,-0.10576273,-0.20187803,-0.071245305,-0.11364582,-0.09912326,-0.1146452,-0.096351236,-0.027875265,-0.04362887,0.008151748,-0.13857509,0.062456623,0.08052961,-0.062085345,0.000636019,0.06933647,-0.082465276,0.089374416
-0.08686348,-0.053545374,-0.07777479,-0.23072164,-0.02395659,-0.11070011,-0.13102023,-0.1374293,-0.13789743,-0.019720154,0.048358906,-0.03358985,-0.12597951,0.08154494,0.07125453,0.0117468545,0.032847688,0.107239954,-0.048252814,0.0724756
-0.11586446,0.003924241,-0.121450156,-0.11884848,-0.03983486,-0.051807273,-0.075364836,-0.13609283,-0.024953308,-0.002646885,0.13455135,-0.105290085,-0.024124999,-0.11861575,0.14691272,-0.043864083,-0.06218408,-0.14483488,-0.14888623,-0.0034560636
-0.35080147,-0.12826179,-0.26813668,0.04792252,-0.077952735,0.08421991,-0.083116174,-0.15687989,-0.38770407,0.022270178,0.103031665,-0.26840368,-0.034959573,0.14961293,0.037057687,0.0065840627,-0.27846405,-0.18973774,0.08850366,0.043042384
-0.24246602,0.06845434,-0.40848115,-0.26284823,-0.12904128,-0.13951354,-0.1650202,-0.16149984,-0.24667697,0.096126825,0.089026995,-0.12010797,0.1955279,-0.13629305,-0.18450718,0.13439329,-0.24599199,0.08963357,0.121270254,0.15206209
-0.09393103,-0.05688795,-0.12323901,-0.1842933,-0.0062947525,-0.059051625,-0.121476814,-0.13653132,-0.040038325,-0.060896374,0.040148266,-0.018912138,-0.13381027,0.034548033,0.020715538,0.021099336,-0.06607391,0.15504137,-0.038550507,0.07623309
-0.021524224,-0.030325003,-0.17622645,-0.19734943,-0.08366925,-0.16165191,-0.07466232,-0.18213183,-0.100739606,-0.03700718,0.005118226,-0.12516204,-0.1140425,0.053481873,-0.012802058,-0.050769538,-0.0057135867,0.06898182,-0.00036785772,0.049477708
-0.13143605,-0.02214374,-0.11784646,-0.16484994,0.03735101,-0.17930827,-0.093240455,-0.107328035,-0.12407696,-0.04000597,-0.011828665,-0.099679455,-0.070060894,-0.026037471,0.063472845,0.022457164,-0.0618535,0.0058737816,-0.09761958,0.12738065
-0.11715865,-0.024396263,-0.13682221,-0.17000681,-0.065845355,-0.029129159,-0.07737706,-0.11874687,-0.081743926,-0.07452341,0.04071498,-0.030767635,-0.064076975,-0.022308446,0.108752154,-0.0032723688,0.020568833,0.098748825,-0.050643172,0.053069007
-0.06479429,-0.036131665,0.12868601,0.30808178,-0.018831002,0.11636308,0.047397427,0.08001918,0.01998617,0.0854559,-0.10786001,0.019194948,0.040514678,-0.1754417,-0.15947856,0.053640842,0.009087765,-0.20040524,0.0015538662,-0.24230495
-0.0805689,0.071411714,0.11253337,0.320999,-0.21846576,-0.04630802,0.107625976,-0.012033971,-0.049310084,0.07764428,0.104053885,-0.24674948,0.20600134,-0.09650578,0.20166945,0.28014743,-0.20822796,-0.35126114,-0.09802595,-0.10714889
-0.16540815,-0.13682312,-0.12104564,-0.0059578833,-0.052411526,-0.14198518,-0.08106824,-0.18691066,-0.15568215,-0.049737185,-0.1336631,0.038116816,-0.033104774,-0.07884503,0.11630795,-0.069673374,-0.01982937,-0.12641874,-0.05557064,0.040514477
-0.17124707,-0.018320944,-0.07039372,0.00069715444,0.06535905,-0.098383866,-0.079976186,-0.03864435,-0.06388126,-0.06059599,0.0046127057,-0.07649322,-0.05290028,0.054122873,0.13421205,0.017673973,-0.041482545,-0.067616455,-0.08172011,0.008546578
-0.16251744,-0.03284957,-0.22770868,-0.09364958,-0.005308697,-0.0060849055,-0.049375348,-0.09945472,-0.031031545,0.008209302,-0.0012699296,0.016674945,-0.084735475,0.030014714,-0.012020322,-0.03214765,-0.091305815,-0.06266129,-0.1302023,0.09688837
-0.106778845,-0.060524877,-0.09504253,-0.12037413,-0.031835426,-0.16452986,-0.12852353,-0.22004695,-0.081461675,-0.0701289,0.015999548,-0.05791526,-0.1728715,0.089766026,0.113301694,-0.040058948,0.0077834553,0.14474024,-0.04302792,0.097140215
-0.09610262,-0.05076127,-0.12953347,-0.13000658,0.0035864788,-0.13324158,-0.0957396,-0.069663174,-0.04048223,-0.0058783605,0.023451092,-0.068882525,-0.08580974,0.032693304,0.06310793,-0.020102067,0.04182737,0.03487741,-0.05108641,0.06742874
-0.061348423,0.0022857292,-0.15392959,-0.18769485,0.0031475094,-0.084133856,-0.13408947,-0.15637696,-0.10661888,0.02676871,0.052886553,-0.05475595,-0.0685435,0.04914695,0.08152986,-0.021481177,0.02776949,0.14084011,-0.0150337545,0.033137605
-0.06485678,-0.059332915,-0.07838234,-0.16772303,-0.049998086,-0.079519264,-0.1214603,-0.052515294,-0.085502334,-0.055812232,0.043488573,-0.075026505,-0.036220096,-0.00091804756,0.03149587,-0.037291646,0.044806257,0.06767475,-0.089717865,0.07642727
-0.17886369,-0.014121333,-0.2509495,-0.10982131,0.072320096,-0.08523144,-0.15714556,-0.09994463,-0.12792161,0.047253136,0.08282109,-0.06728061,-0.07353606,-0.04923549,0.028502615,-0.036262434,0.07585842,-0.10002076,-0.073492184,-0.02789704
0.25134313,-0.18782309,-0.21011478,0.1968073,0.040222242,0.119034246,-0.1656827,0.39859396,-0.023572363,0.27339816,-0.26160246,-0.050645687,-0.25621343,0.12518995,0.42086163,0.22594064,-0.35753012,0.12139472,-0.089181036,-0.013624996
-0.06832412,-0.032609772,-0.1782813,-0.23384076,-0.083505414,-0.09832224,-0.2019438,-0.05618523,-0.076062806,-0.032122556,0.011962201,-0.05540529,-0.14846657,-0.016361821,0.05015965,0.0017681589,-0.00748838,0.082817785,0.004293611,0.005624281
-0.10441752,0.008264086,-0.3017455,0.10729238,0.040020946,0.036900513,0.028352007,-0.06975668,-0.16424693,0.1054047,0.04477559,0.12195599,-0.0020124675,-0.105650954,0.069804564,0.17393105,-0.35489157,-0.099762194,-0.13607536,0.10472171
-0.13730733,-0.028959038,-0.06843161,0.14542909,-0.033338353,-0.07711241,-0.11010943,0.009351214,0.015380939,0.07503528,-0.08714935,-0.20718217,0.02608936,-0.05099863,0.051287875,-0.06391595,-0.09913715,-0.14475285,-0.094159625,0.027376339
-0.08268439,-0.13974324,-0.033496678,-0.12536968,-0.027779559,-0.103382595,-0.10672471,-0.13249047,0.009288079,-0.018715156,-0.034842145,-0.02401731,0.098738864,0.024017194,0.053593397,-0.019574808,-0.071777515,-0.007277877,-0.14347374,0.0018611534
-0.108175986,-0.06826509,-0.07632593,-0.17941424,-0.06192253,-0.068287015,-0.06480514,-0.11367934,-0.11520876,-0.0063816514,0.06701794,0.0074145515,-0.15865445,0.030710945,0.17290989,-0.00013003574,-0.030144135,0.023189345,-0.07194435,0.07658519
-0.050705045,-0.056068007,-0.123220496,-0.17338069,-0.033272482,-0.085532054,-0.096265316,-0.15518875,-0.027198631,0.009051177,0.013193638,-0.08224021,-0.0723954,0.09326819,0.023576533,-0.036101073,0.022695098,0.14812744,-0.022398835,0.0054656654
-0.010628081,-0.065654464,-0.13307162,-0.17571981,-0.061211403,-0.0611781,-0.10677712,-0.20088167,-0.026270024,0.017462393,0.063410304,0.054616854,-0.13586609,0.04619529,0.017325822,-0.100901395,0.08436111,0.019463135,-0.094040215,0.09031736
0.040716767,0.05896504,0.01600854,0.05308463,-0.46409044,0.14590389,0.1557825,0.35147244,-0.15864569,0.40965605,-0.54830825,-0.37784067,0.21818855,-0.16404878,0.3783462,0.09885874,-0.18030767,-0.047511633,0.2264109,-0.039172005
-0.1258904,-0.0077846814,0.07316935,0.2071556,-0.0027789804,-0.047555555,-0.28937712,0.13992809,-0.35389882,0.22089386,0.11799909,-0.04582242,0.048745498,-0.037317745,0.09730506,0.14981431,-0.15411255,-0.110471606,-0.2648575,-0.2657843
-0.11097314,-0.026201777,-0.1121078,-0.21498106,-0.07923167,-0.11819389,-0.14460394,-0.14688803,-0.09797773,-0.052722607,-0.01508302,-0.021489302,-0.1294194,0.08538779,0.014567948,0.0018779228,0.01613454,0.10900936,-0.07008639,0.08181444
-0.23289527,0.020106515,-0.13369846,0.0641238,-0.09310162,0.052755658,-0.21704979,-5.0570845e-05,-0.1765467,-0.082307756,0.00412576,-0.10131616,0.089234285,0.03169896,0.009988123,0.059615508,-0.11872168,-0.1783629,0.06155776,0.067703426
0.26015237,0.14010482,0.3080979,-0.43671438,-0.0353972,0.19299218,0.4486485,0.2461462,-0.27992988,-0.1888619,0.19476463,0.13085335,0.20225969,-0.30584306,0.24738327,-0.18818398,0.16628785,0.2705127,0.23070428,0.3044335
-0.17386346,-0.07386724,-0.11541863,-0.0124819,0.030476315,0.06620317,-0.11206915,-0.099185914,-0.10537876,0.002723845,-0.07618576,-0.06855265,0.042395618,-0.07446905,0.28493148,-0.023220148,-0.12362055,-0.19102289,-0.17213303,-0.1299398
-0.050729398,-0.0396981,-0.094581395,-0.16732526,-0.032282453,-0.08746164,-0.07694794,-0.120306924,-0.069188684,-0.05979725,0.008835455,-0.030892218,-0.1504704,0.0532631,0.07144268,-0.035060152,0.07089379,0.09051741,-0.034179304,0.10429067
-0.05265096,-0.07246159,0.0812929,0.30732033,0.08686148,0.25386116,0.08088656,0.07860388,0.15445262,0.04402172,0.12612846,0.41456568,0.27394432,-0.24632853,-0.26528966,0.04031736,-0.018996984,-0.18839416,-0.037371986,-0.22360939
-0.13169351,0.022631973,-0.10133609,-0.19369762,-0.0011642866,-0.1482511,-0.13856995,-0.104929805,-0.09980413,-0.07893257,0.03313311,-0.08393704,-0.13691314,-0.02011034,0.06604063,0.038107336,0.010096224,0.049836114,-0.033640407,0.014804066
0.05876002,-0.068905056,-0.18168962,0.02154147,-0.16065751,-0.0729818,-0.12732515,-0.053840578,0.06507098,0.10048992,0.015189665,-0.1403016,-0.15317611,-0.16575748,0.054207828,-0.14555766,-0.15594618,-0.11476365,-0.103065126,-0.010617914
0.13204989,-0.24829121,0.007278797,0.19757181,-0.039204355,0.23103258,-0.04632351,0.1108435,-0.028394945,0.07730377,-0.14006644,-0.052081484,0.10835724,-0.33843425,0.0014142847,-0.010662805,-0.12763934,0.08391013,0.0007966924,-0.16662379
-0.050477702,-0.06701006,-0.17471866,-0.20131701,0.03550931,-0.08784257,-0.16726178,-0.18238951,-0.031785246,0.033080418,-0.031834833,-0.08807275,-0.05753476,0.043890152,0.09766814,-0.10656266,-0.023400951,0.027215272,-0.09899553,0.09557288
-0.17630754,-0.1761775,-0.19249769,-0.27168706,0.08427954,0.021319741,-0.25592265,-0.121939406,-0.33612117,-0.0493278,0.12601869,-0.13009906,0.054747127,0.08864263,0.23538518,-0.08873256,-0.10602023,-0.053909242,-0.2373118,-0.40971637
-0.11696083,-0.041088622,-0.08115781,-0.19022395,-0.0062020216,-0.08936247,-0.12569852,-0.09895804,-0.092407815,-0.035539985,-0.0055775368,-0.041210167,-0.069737025,-0.017049652,0.09427834,-0.0094105145,-0.0033897897,0.09000582,-0.039928686,0.10335884
-0.05690628,-0.0117997825,-0.13582404,-0.14952073,-0.05366601,-0.09362892,-0.14829236,-0.13840654,-0.15484464,-0.04042075,0.010034685,-0.039607566,-0.12747644,-0.02794865,0.0994894,-0.039942756,0.052066274,0.03734195,-0.024654742,0.04064737
-0.105121195,-0.060840964,-0.055263665,-0.14892964,0.002620834,-0.11995647,-0.081083685,-0.1221327,-0.17796813,0.0051217247,0.03682359,0.019388799,-0.066347234,0.06059407,0.07857865,0.012168559,0.031302102,0.08488041,-0.10121809,-0.0543992
0.018175583,-0.16090724,-0.14466147,-0.15856299,-0.1771148,-0.032997627,-0.038166188,-0.16131786,-0.0941305,0.062524214,0.15541963,0.018614113,0.24583337,-0.09827075,0.087090984,0.06351815,-0.24830328,-0.20655553,-0.076551415,-0.0822718
-0.13914917,-0.06617772,-0.10893649,-0.22593817,-0.124740295,-0.090847634,-0.10640906,-0.063708656,-0.09648054,0.0588787,0.034180142,-0.057984203,-0.15956388,0.016826112,0.07034497,-0.0013541002,0.04843925,0.091758996,-0.05137107,0.090443365
-0.51050276,0.118628226,-0.43942177,0.13897252,0.33117038,0.05045056,0.004112917,-0.2190442,-0.14067918,0.0025762555,-0.09318529,0.03023344,0.33734313,-0.16981664,-0.17255782,0.31287375,-0.33965972,-0.17582233,-0.073444754,-0.21574292
-0.073849484,-0.019158535,-0.17098665,-0.18122512,-0.08298649,-0.1615359,-0.08494451,-0.12788662,-0.10516039,-0.05196432,-0.023897512,-0.064712286,-0.14060776,0.045382246,0.09666488,0.07786464,-0.0013582015,0.08737728,-0.06480357,0.011103293
-0.45873398,0.07840706,-0.11493725,0.114789665,-0.2730369,0.17690653,-0.5064434,-0.21759768,-0.06866917,0.119932786,0.34478712,-0.25147778,0.18591215,-0.33303413,-0.108751506,0.23170824,-0.11837399,-0.33093914,0.22967774,0.099999845
-0.075524405,0.04459034,-0.1585765,-0.16653755,-0.009013516,-0.048470277,-0.069967695,-0.12879524,-0.05445636,0.04368548,-0.026335623,-0.06317322,-0.008796025,0.025011068,0.06808727,-0.09062428,-0.09161917,0.046871,-0.031423304,0.049043104
-0.07034422,-0.089755386,-0.09589398,-0.20708136,-0.021402733,-0.07300556,-0.09960737,-0.112816684,-0.083066806,-0.060766973,0.013127163,-0.03784422,-0.06417834,0.08114354,0.078775205,-0.07567972,0.011679799,0.06814853,-0.06055553,0.0834191
-0.09105801,-0.05689024,-0.08285707,-0.16495468,-0.033664357,-0.13312663,-0.11952075,-0.09654483,-0.12228208,-0.092233084,0.010656317,-0.008512612,-0.11731216,0.033000622,0.11082595,0.0017147785,0.07573363,0.07127199,-0.015745977,0.048634093
-0.11516838,0.0028814364,0.0030307292,0.043717522,-0.01607502,-0.11509036,-0.0055438764,-0.09214465,-0.20776948,-0.044544764,-0.020295395,-0.105377525,-0.099455155,0.06404051,0.18167451,0.053762186,-0.070984446,-0.00088088756,-0.10607876,0.10761832
0.30938727,0.52725637,-0.11403153,-0.38224742,0.4343251,0.4043693,0.16259412,0.037848532,0.23455493,-0.39148065,-0.28061432,-0.32616627,0.0027901018,0.04818305,0.18430527,-0.21867904,0.31883374,-0.2853176,0.07494913,0.27783003
0.10468808,0.050120026,-0.046349555,-0.11394638,0.12096678,-0.08943554,0.17726561,0.24572244,0.17680499,-0.054939374,0.17548005,-0.21884635,-0.06829002,-0.085714586,-0.2374262,-0.05186844,-0.11935499,-0.065737635,0.10155272,0.091745056
0.3388768,0.3132136,0.45048195,-0.49013305,0.41747656,0.25675935,-0.19058113,-0.14019759,0.22237942,-0.12650485,0.2786001,0.042058956,-0.18163359,-0.16801152,-0.13596733,-0.2785317,-0.22774814,-0.3512376,0.21453641,-0.0847675
0.22187883,0.07943663,0.38441402,-0.056468558,-0.072129175,0.21952094,0.31595683,0.24229978,-0.054613452,0.07990076,0.23601714,0.31768924,0.20810463,-0.16126111,-0.24410029,-0.19817662,0.07759426,-0.25868967,-0.2067161,-0.50977993
0.28626996,0.36833158,0.36176807,-0.17221585,0.022153335,-0.12577966,0.2914838,0.12406036,0.22714278,0.10582125,0.013646918,-0.016559301,0.039314352,-0.19447157,-0.03552359,0.24000151,0.23609298,0.11117109,-0.16933163,-0.1711576
0.2550725,0.040571034,0.29743826,-0.041693915,0.15507402,0.23171607,0.15094496,0.16122401,0.13116759,-0.28394642,0.13783878,-0.26186588,0.1512566,0.19983222,0.07769341,0.08932648,-0.110920094,0.25893813,-0.23707858,-0.18432869
0.23455268,0.46679983,-0.22123483,-0.51390725,0.4749139,0.2646172,-0.23907472,0.45207796,0.07650675,-0.39915004,0.27691635,-0.1792706,-0.30277735,0.050632883,-0.1590477,0.2391,0.28478354,0.09093074,0.29272094,-0.29771158
0.05430906,-0.017774846,0.26087427,-0.00028998926,-0.064953186,0.21765044,0.21763408,-0.04733542,-0.23399293,0.29069558,0.21090724,0.06572618,-0.0017537689,0.18560605,-0.2646301,-0.06921656,-0.05974775,-0.18325646,-0.17633982,0.015734889
0.21991532,0.3450361,0.0077775596,-0.25495437,0.18715975,0.28295645,0.37047186,0.03793359,-0.1490568,0.18295453,-0.22644642,0.073317304,-0.29304397,0.12722422,-0.28829148,-0.14643742,0.110199295,0.2200098,0.055438418,-0.26122737
0.46771595,0.43976995,0.075607955,-0.52988243,0.35335904,-0.0947393,-0.243585,0.3770952,-0.28122085,-0.11136623,-0.1239232,0.035097405,0.059949458,0.2595761,-0.24243966,-0.27958608,-0.11527184,-0.14388698,-0.15311201,0.17726028
0.25750217,0.3764719,0.29017925,-0.08901856,-0.12283513,0.23961112,0.38288617,-0.10509359,0.07111068,0.25382468,0.19773595,-0.1366495,-0.121021576,0.19358842,0.064020604,0.1747487,-0.07535746,-0.12970375,-0.001392248,0.12000758
0.006553964,0.24393153,0.30904275,-0.17247936,0.0977294,0.17836729,-0.110954545,0.25566718,0.11402797,0.25667658,0.1763198,-0.06773533,-0.14160466,0.042961758,0.14197263,-0.17433779,0.16373646,0.06367649,-0.28808463,0.1708991
-0.17593291,0.08115319,0.011254617,-0.15330023,0.17383435,0.11570515,0.26340246,-0.021299478,-0.07675714,0.24850807,0.106050014,-0.13783519,0.24461061,0.02621807,-0.19324653,0.0914462,0.0952418,0.048721302,-0.27755028,-0.021983605
-0.09782294,-0.03680201,-0.11412845,-0.16974014,-0.046668388,-0.16633956,-0.11938231,-0.093730465,-0.12440557,-0.0695079,0.032316804,-0.01304693,-0.13307352,0.043961782,0.09047825,-0.014509298,-0.036700934,0.10878457,-0.03324042,0.08254586
-0.40089852,-0.2786305,-0.46390352,-0.17481272,0.3542288,-0.42197305,0.033377636,0.3954589,0.15156344,0.27220008,0.16921897,0.74245876,0.3259762,0.5038594,-0.23574188,0.55667156,-0.465456,0.346002,0.31534398,-0.45097575
-0.16639133,-0.47303724,0.47797054,0.022620372,0.4811761,-0.070338055,-0.27851453,-0.03790362,0.64280015,0.09731352,-0.48023787,-0.2553853,0.31329453,0.4107884,-0.06868856,0.46176204,0.03310762,-0.24451534,0.055767242,-0.2684783
-0.30748108,-0.6103837,0.3175477,-0.50957125,0.20671967,0.0828333,0.23308448,-0.2987102,0.4687599,0.5808388,0.011707784,0.39554474,-0.09748688,0.1311381,0.16469029,0.18219286,0.45909047,-0.49002075,0.57720155,-0.3180601
0.0075874175,-0.10629041,-0.17058182,0.11688867,-0.122256584,0.054585993,-0.06848329,-0.1983946,-0.03858173,0.12065694,-0.20164149,-0.15920603,-0.26837084,-0.11823437,0.045339767,-0.0131457,-0.045523584,0.33848238,0.06018266,0.06683249
0.011181604,-0.025990024,-0.29908437,-0.06688688,-0.0074338145,-0.2507764,-0.2978509,0.35676786,0.2383654,0.5690555,-0.4387327,-0.33242577,-0.123237364,0.011004738,-0.2302744,0.26341307,0.38597777,-0.3292939,0.33812273,0.30380613
-0.0060661784,-0.30114585,0.42076313,-0.02933625,0.464959,-0.4170343,-0.21065219,0.3456453,0.33966705,-0.031147974,-0.43231842,0.15044728,0.41680878,-0.4081574,0.54069173,0.26970503,0.47092706,-0.33211178,0.15331191,0.20934872
0.47326317,-0.05263311,-0.2911758,-0.11991195,0.051373906,-0.25476494,-0.40770087,-0.3034727,0.3445044,0.25274283,-0.21308678,0.23794928,-0.2894795,-0.5291609,-0.25732714,0.34700435,0.023676535,-0.14372054,-0.2295759,-0.59791964
0.32250988,-0.13939434,-0.30582234,-0.14842245,-0.25181043,-0.06678623,-0.40823367,-0.100594714,0.50950706,0.32158536,-0.48772788,0.19525172,0.39333555,-0.12787615,-0.157329,0.14908049,0.12916556,0.36764324,-0.27896184,-0.110885754
-0.11368842,-0.060947936,-0.13740936,-0.24131785,-0.04421984,-0.10664822,-0.085661344,-0.13130915,-0.07868466,-0.03521537,0.0076828515,-0.070890404,-0.09153465,0.03758276,0.027062014,-0.070302226,0.030565389,0.051814165,-0.057430476,0.054098524
-0.038994934,-0.115437225,-0.12145274,-0.15780671,-0.037350856,-0.11728066,-0.22515208,-0.06664361,-0.09139271,-0.037302036,-0.01465122,0.0831189,-0.10891571,0.058427356,0.032859232,-0.046386205,0.003526131,0.122626126,-0.047441743,0.084032595
-0.20127988,0.027517887,-0.11706741,-0.0011984493,-0.08728317,-0.070073664,-0.10541688,-0.1142309,-0.0337715,0.053252477,0.0003347338,-0.04541708,0.056353692,0.011804507,-0.015849195,0.12591384,-0.03705198,0.04140307,-0.11394331,0.13557692
-0.062423505,-0.046266887,-0.12902756,-0.21384963,0.0076646744,-0.15587053,-0.07789011,-0.039618414,-0.119939886,-0.033039726,-0.05965484,-0.046418,-0.16734615,0.037074257,0.07589372,-0.015007933,0.008061446,0.121021256,-0.05954042,0.06411243
-0.07911032,-0.05550421,-0.15256919,-0.20391601,-0.07358609,-0.086080834,-0.098169595,-0.102493525,-0.10161148,-0.053924546,0.0068644527,-0.032174524,-0.12679937,0.024148976,0.13304771,-0.064585164,0.05125517,0.10178318,-0.031611245,0.095589675
-0.14723012,0.054706473,0.09329561,0.41353202,0.07366852,0.15323515,0.0065997164,0.25261617,-0.12700243,0.044062156,-0.21832758,-0.1242085,0.27333713,-0.25192186,-0.098742716,0.115489505,-0.3201774,0.03743522,0.27183208,-0.081135035
-0.19621333,0.106622994,-0.121881776,0.17357919,0.034913644,-0.17024621,0.30364424,0.2454762,-0.012341805,-0.08320775,0.05526386,0.030592963,0.002161555,0.14591546,0.08621169,-0.15356034,-0.14745137,-0.45335186,-0.35824132,-0.23875546
-0.22107486,0.12092238,-0.040200897,0.28203622,-0.025981707,-0.10172031,-0.12707143,0.116974674,0.027070593,0.060460366,-0.03225118,-0.09599632,0.040795397,-0.095621094,0.08873666,0.14393236,-0.053081617,-0.17830835,-0.15864453,0.09739668
-0.05970832,-0.047783714,-0.08584054,-0.20823175,-0.0072851353,-0.048591916,-0.06753557,-0.13130924,-0.029165944,-0.06684527,0.030810528,-0.018641146,-0.061605945,0.043731946,-0.005031881,0.033817105,0.044761702,0.08510761,-0.008357001,0.009488832
-0.22270198,0.032668207,-0.18135123,-0.054801274,-0.03936811,0.08723084,-0.19935697,-0.0788748,-0.10424692,0.1527953,0.14622411,-0.10214013,0.03448028,-0.086533144,0.11858965,0.02720047,-0.08193334,-0.1508213,0.009516778,-0.057225484
-0.15885077,-0.09999897,-0.053305574,-0.1776532,-0.111079,-0.08277503,-0.12720478,-0.08143453,-0.04530815,-0.057520315,5.4649747e-05,-0.09045335,-0.12577407,0.035351135,0.06630927,0.05363082,-0.021333335,0.051376462,-0.10327495,0.09789749
-0.1454162,-0.027879346,0.0048345923,0.008295738,-0.060589217,-0.15819708,-0.30606216,-0.03866024,-0.23227693,-0.03048346,0.09336691,-0.07491178,-0.14872707,-0.016885942,0.002143541,0.07546731,0.021064455,-0.094037734,-0.0601664,-0.009026921
0.36159804,-0.23269723,0.30698743,-0.09746307,0.07623156,-0.2377231,0.35465103,-0.1274158,0.12822358,-0.08072973,-0.2540774,0.41296896,0.39462492,0.24260451,-0.33259085,0.4518409,0.25575787,-0.47577873,0.22423844,0.18603383
-0.053637955,-0.040727157,-0.081142806,-0.09330477,-0.059307102,-0.11467507,-0.09102265,-0.121829584,-0.057536386,0.038449112,0.020749856,-0.025634205,-0.0874716,0.085026756,0.12087419,-0.004320958,0.00055473065,0.079872414,-0.014667066,0.02161829
-0.08598109,-0.0141815785,-0.14229167,-0.20915675,-0.040968604,-0.12671095,-0.07052983,-0.11373217,-0.09846627,-0.035309594,0.029113295,-0.03828771,-0.122963466,0.063785024,0.1358595,0.042984053,0.008598568,0.11034764,0.015040318,0.048598003
0.14400251,-0.08023338,-0.19912143,0.07711034,0.07034376,0.29689345,-0.03094168,0.186911,-0.21372853,0.21270509,-0.25779083,0.043318532,0.07164061,-0.0945479,0.37567803,0.17391323,-0.25046524,0.05995017,-0.0031581174,0.092737995
-0.05740604,-0.049354468,-0.08787961,-0.18101941,-0.055003505,-0.0711722,-0.12095948,-0.13640141,-0.12352414,-0.028382333,-0.022036113,0.007862742,-0.15448606,0.022656001,0.07405011,-0.052928317,0.08922402,0.14255978,-0.06345095,0.05358627
-0.08838681,-0.01678495,-0.08316824,-0.20163368,-0.005511779,-0.100131005,-0.10149868,-0.16215384,-0.06374782,-0.058911383,-0.008355845,-0.054558445,-0.13489562,0.029192017,-0.0046445844,-0.024070801,-0.0019857967,0.13932234,-0.067151055,-0.0044848905
-0.08932959,-0.09590217,-0.112707704,-0.17625429,-0.02173688,-0.09568658,-0.16516976,-0.125769,-0.123494,-0.018786555,0.047184195,-0.060735434,-0.13863248,0.04634711,0.055939592,-0.073379435,0.0037889485,0.16681693,-0.08108699,0.028705062
-0.07735039,-0.0702415,-0.17933294,-0.19842833,0.02815806,-0.13710712,-0.18093611,-0.19333254,-0.0973898,-0.029138496,0.034519244,-0.108948044,-0.114283614,0.09862513,0.10130992,-0.028293649,-0.0024744957,0.13061199,-0.07405985,0.057089638
-0.013711597,-0.06731575,-0.17969872,-0.24990767,-0.11594855,-0.10803121,-0.119366266,-0.17868936,-0.11299877,-0.027773384,0.0042615184,-0.081977524,-0.123031475,0.0060011176,0.07268662,-0.056249313,0.041464727,0.104433365,-0.059643477,0.0011551571
-0.077572286,-0.018842835,-0.24183843,-0.09859644,-0.11064141,-0.09111114,-0.106426,-0.18018337,-0.050954137,-0.09554367,-0.051315524,0.011969151,-0.010290231,0.06913321,0.008939198,-0.05846514,-0.060090214,0.038112074,0.0023266699,0.20271727
-0.12923998,-0.041443918,-0.03411867,-0.22585422,-0.028377991,-0.10672282,-0.15664588,-0.10529928,-0.093689024,-0.0626696,-0.010380299,-0.01491486,-0.08608803,0.058753107,0.08779216,-0.0488609,0.013720739,0.03994321,-0.032577187,0.0090685915
-0.062644705,-0.058546454,-0.16496286,-0.22084445,-0.045652244,-0.061096486,-0.113453716,-0.17887172,-0.11283404,-0.05137948,0.03383055,-0.046940237,-0.13544542,0.021679815,0.032806024,-0.015792172,0.01872254,0.1061149,-0.04475219,0.009298697
-0.17378996,0.084775254,-0.066689216,0.2987176,0.08172863,0.13346216,0.13067575,0.08981201,0.042382956,0.20757355,-0.121996894,0.10063556,0.25178298,-0.14686874,-0.039024245,0.16816072,-0.29032016,0.042997822,-0.052348014,0.06963638
-0.085424,-0.12373393,-0.22794637,0.019917712,-0.0045540147,-0.0035896942,-0.0068794577,-0.15611865,-0.086987086,0.076996334,0.018139329,0.06614124,0.0040871976,-0.07764996,-0.051622808,0.059149627,-0.22017367,-0.041305315,-0.059941426,0.15928195
-0.09579192,-0.03887119,-0.08918822,-0.12670405,0.023793241,-0.13437185,-0.11018473,-0.11032143,-0.1440079,-0.025772935,0.084593505,-0.025763642,-0.083760075,0.038002726,0.06608912,-0.07284068,0.017601477,-0.013368713,-0.02129774,0.04034112
-0.36489096,0.20998731,-0.26361609,0.2728431,-0.4038028,0.24841627,0.06095014,0.3087947,-0.4023414,0.12557429,0.017250927,-0.06720945,0.6856392,-0.27366012,-0.13007393,-0.0124646565,-0.2582427,-0.06478524,0.14625195,-0.12601545
-0.068607055,-0.017994137,-0.11800877,-0.16033702,-0.07853428,-0.14349842,-0.12068445,-0.17290692,-0.091993034,-0.034915075,-0.012233766,-0.0918727,-0.11194484,0.021584664,0.06295426,-0.032204986,0.022917358,0.111399636,-0.044658944,0.001967586
-0.090766795,-0.016543439,-0.11315891,-0.19472924,-0.10188998,-0.12530404,-0.12056297,-0.12130394,-0.0660528,-0.07837426,0.040139433,-0.06790295,-0.16453095,0.022308439,0.05824137,-0.062718965,0.027523667,0.14226024,-0.11040891,-0.016334254
-0.13464254,-0.044453606,-0.039017428,0.017380364,0.011588984,-0.086831525,-0.04627674,-0.028419206,-0.16782461,-0.1081653,0.014317174,-0.15672553,-0.014204983,0.01941794,0.20994443,0.018136343,-0.1391381,-0.20313615,-0.12595415,0.019850096
-0.14150323,-0.04772051,-0.19685377,-0.025621442,0.12159851,-0.13874674,-0.13939922,-0.2452151,-0.15721935,-0.08188632,-0.13217235,0.064134985,-0.2528589,0.12774996,0.005664485,-0.14331563,-0.048447594,0.11139301,-0.08346543,0.24203646
-0.11421584,-0.031735122,-0.14743328,-0.17944036,-0.006524777,-0.057362918,-0.14897448,-0.12567964,-0.20871754,-0.046152115,0.046748444,-0.0045655174,-0.18865873,0.06942022,0.057619352,0.059881337,-0.007487396,0.02658239,-0.06634852,-0.0075539807
-0.2820323,-0.003366406,-0.11783682,0.022572748,0.10425243,-0.16485411,-0.014726784,-0.0483981,-0.005820046,0.0074553885,0.10227024,0.1336848,0.11175482,0.09057222,0.047348764,0.15243952,-0.027313115,0.0272031,-0.12288901,0.017751126
-0.051120143,-0.054317344,-0.2165934,-0.20314062,-0.028069198,-0.123547845,-0.1017344,-0.10409105,-0.13428746,-0.12778607,0.04171586,0.024177732,-0.1012366,0.04946751,0.08750717,-0.057808235,0.052306775,0.038127728,-0.011341095,0.069224864
-0.08884252,-0.018547408,-0.11585716,-0.22706468,-0.018052498,-0.10364227,-0.09777945,-0.168269,-0.09212556,-0.022289878,0.011472272,-0.015726488,-0.1336514,0.040677246,0.06437493,-0.0022604049,0.04009813,0.17629306,-0.050883565,0.092183225
-0.074172966,-0.015648805,-0.07942784,-0.2316294,-0.053236518,-0.087428175,-0.06125551,-0.083293796,-0.055583134,-0.05252247,-0.004155695,0.030080318,-0.045103967,0.099713854,0.0015701954,-0.0035379701,0.019983815,0.060843308,-0.04813862,0.049248055
-0.07105989,-0.057651035,-0.14605248,-0.18918557,-0.04828967,-0.10447923,-0.08632177,-0.15482572,-0.10502073,-0.04024373,0.0016273814,-0.06727021,-0.15638454,0.04216081,0.03596594,-0.052049186,0.051591054,0.096787475,-0.059188824,0.055886578
-0.096932866,-0.04714852,-0.15753254,-0.13007239,-0.037564166,-0.07817464,-0.08547743,-0.10272028,-0.055508073,-0.012300035,0.03739003,-0.07833056,-0.12126368,0.019848334,-0.0453323,-0.046666205,0.028399542,0.038774427,-0.030128073,0.05023105
-0.057029217,-0.074002124,-0.18723808,-0.22606598,-0.039031778,-0.10617495,-0.06415879,-0.09865953,-0.08098733,-0.00267728,-0.01762163,-0.09196446,-0.07455562,0.003354971,0.0821845,-0.10473307,0.017842567,0.067420766,-0.031255856,0.090749025
-0.17029652,0.011938108,-0.037161928,0.079096,-0.08628739,0.05479688,-0.110359885,0.04186129,-0.08736768,0.13395087,-0.045474168,-0.046625912,0.034296576,0.051524997,0.05724105,0.09626989,-0.08376375,-0.1099828,-0.0974654,-0.096199945
-0.07689794,-0.041313034,-0.11692964,-0.17289671,-0.008975883,-0.11098756,-0.120630294,-0.14205831,-0.059778832,-0.040816773,0.02331799,-0.07837103,-0.13787208,0.058210224,0.09013408,-0.010038946,-0.017857954,0.072699435,-0.016724112,0.09921723
-0.019107299,0.047069374,0.12124558,0.40875545,0.035339806,0.03945359,-0.04261153,0.302769,0.14547199,0.17972703,-0.034626253,0.041002493,0.11781073,-0.28274933,-0.1958814,0.041070413,-0.092543215,-0.2867434,0.05489,-0.12850673
-0.115373686,-0.08601993,-0.13129427,-0.20253265,-0.01181792,-0.047130838,-0.06703316,-0.11355949,-0.0677512,-0.04015917,0.03599075,-0.039992202,-0.11003334,-0.04976054,0.031977635,-0.0473804,0.002881052,-0.0040400643,-0.055679742,-0.022097291
-0.09123217,0.28295147,0.23087423,-0.30335554,-0.25204194,-0.2501768,0.34438005,0.2812121,0.45931476,-0.19054168,-0.16928665,0.29585347,0.034828458,0.39842987,0.38382518,-0.22618413,0.15083252,-0.3596855,0.43533185,-0.52613837
-0.09309375,-0.47003627,-0.7470459,0.29535687,0.0172275,0.039508328,-0.39347976,0.61349565,-0.03615492,0.45916462,-0.18216796,0.2927803,-0.37284398,0.08774961,0.42310017,-0.32621062,-0.14922372,0.22045195,-0.5182108,-0.49604475
-0.055301376,-0.045887735,-0.105105266,-0.08440789,-0.17462946,-0.12940696,-0.22970958,-0.06613923,-0.1562589,0.06294586,0.1904327,0.08512663,-0.05479522,-0.06325453,-0.12589099,0.11387969,0.035222616,0.07302557,-0.031827316,0.027420232
-0.21059403,-0.059082754,-0.10316275,-0.1284505,-0.04659928,-0.11857359,-0.123645075,-0.08802698,-0.038704373,-0.013427042,-0.09986194,-0.050388377,-0.10270245,0.035629198,0.069056496,-0.040189862,0.05759711,0.003516853,-0.039327376,0.04948587
-0.11341544,-0.09396266,-0.053087503,-0.068317585,-0.0042387936,-0.16141646,-0.04474993,-0.14925368,-0.24866445,-0.1464036,-0.023856426,-0.22196345,-0.003187019,0.029276507,0.14761738,0.25768867,-0.124768086,-0.10915782,-0.15595551,-0.16640146
-0.36602402,-0.06477024,-0.029914744,0.0595116,0.050393827,-0.06619743,-0.0713191,-0.092786774,-0.113896504,0.07066163,0.019574929,0.17997134,0.13654217,0.020031672,-0.14942878,-0.018514263,-0.0060985456,-0.14065786,-0.043890636,0.033428982
-0.04224588,-0.02633398,-0.126079,-0.2311329,-0.06658545,-0.116260454,-0.08582351,-0.12728673,-0.06064611,-0.02676385,0.028910095,-0.038220752,-0.12306074,0.05614856,0.010878845,-0.011455725,-0.019744936,0.13302186,-0.0683157,0.05924904
-0.17931744,0.009666037,-0.10477647,-0.12640668,-0.054783672,-0.18617378,-0.01361948,-0.015930401,-0.033573437,0.055862125,-0.013462748,0.018422237,-0.037878376,0.026685994,0.09466971,-0.023409393,-0.04565178,-0.01095424,-0.05805288,0.042587142
-0.11049343,-0.05668022,-0.17917205,-0.15167168,-0.020389486,-0.08497385,-0.06705358,-0.14481689,-0.044851355,-0.03905967,-0.025013717,-0.02739958,-0.15356037,0.039251883,0.11103184,-0.06625789,0.046529338,0.122733235,-0.044554327,0.05625575
-0.04476114,-0.0297598,-0.16081786,-0.15506591,-0.05417657,-0.15059064,-0.12752011,-0.12526464,-0.08378121,0.0077879187,0.0032799065,-0.06809783,-0.13777103,0.012770697,0.09051997,-0.033600766,-0.028209426,0.10636782,-0.062693775,0.018698994
-0.14868759,-0.02725119,-0.24511102,-0.22157608,-0.11019288,-0.13712464,-0.1746157,-0.12358895,-0.26226166,-0.06901675,0.18290775,-0.1538585,0.051704537,-0.026113842,-0.039141513,0.060745038,-0.08872792,-0.046644807,0.13700937,0.2110618
-0.109192096,-0.003279643,-0.20240274,0.30130425,-0.06726357,0.11925896,-0.0636908,0.12901817,-0.038685262,-0.12807757,-0.22119032,-0.11037288,0.0879003,-0.18402036,0.011962642,-0.11740889,-0.10662287,-0.08825824,-0.09655396,0.041927367
0.02257772,-0.08801479,-0.19947702,0.14831315,-0.02658353,0.07184083,-0.13906889,-0.049481712,-0.01138714,0.03716783,0.03707832,-0.066022,-0.036169935,-0.08058683,0.027989887,-0.08424278,-0.08893769,-0.053868387,-0.18272969,0.0025515542
0.07130436,-0.12754104,-0.22532807,-0.024212096,0.13021186,0.25289336,-0.14239925,0.060821474,-0.1391787,0.09905294,-0.09165347,-0.0087074,0.16902094,-0.07970062,0.11894054,0.1325443,-0.17782651,0.011590162,-0.1654146,-0.09569099
0.022531232,0.032182314,-0.34520918,0.1606762,0.043539725,0.4029926,-0.080782644,0.15126806,-0.21804944,0.3313688,-0.29470754,0.3015514,-0.036240615,-0.10044545,0.29171088,0.033710897,-0.03509608,-0.07877179,0.14735968,0.52433103
-0.07446707,-0.09131335,-0.15445681,-0.1861881,-0.08625131,-0.1302678,-0.16790453,-0.17707507,-0.085268624,-0.029608972,0.045735713,-0.074372225,-0.16213292,0.020147687,0.068702616,-0.044320386,0.0314156,0.0957191,-0.057186317,0.045145113
-0.011964433,-0.07245054,-0.10299928,0.20682843,-0.058379278,0.0854203,-0.09344694,0.0884346,-0.01415132,0.03349145,-0.013790843,-0.07886334,0.05148868,-0.10798353,-0.11088833,-0.028838607,0.056577303,-0.07122456,-0.11662178,-0.035283376
-0.18117557,0.0019939088,-0.2174249,-0.1448725,-0.028258974,0.028137388,-0.11853468,-0.08379287,-0.07464832,0.020023672,0.029492227,-0.053344965,0.04143573,0.010639029,0.06397502,-0.059171014,-0.10677281,-0.10907218,-0.086564794,-0.05012424
-0.0302588,-0.04461807,-0.14050208,-0.18788783,-0.012714366,-0.116682984,-0.124067694,-0.12773411,-0.10595705,-0.041738886,0.034990307,-0.021787737,-0.15669411,0.062871665,0.079120204,-0.040228836,-0.016778404,0.035443168,-0.106046006,0.067248955
-0.07761617,-0.059965596,-0.11347471,-0.099979565,-0.006642828,-0.08942197,-0.122270904,-0.17912653,-0.08408824,-0.006541848,0.008338557,-0.00936175,-0.08981152,0.049084213,0.08346994,0.04228014,-0.005042196,0.020466086,-0.09654817,0.10357209
-0.04403805,-0.06286733,-0.13179396,-0.22599673,-0.08144347,-0.14561523,-0.0668215,-0.16536047,-0.112960264,0.012221234,0.00018127501,0.0032555934,-0.12938415,-0.0196607,0.065785185,-0.08236605,-0.054981668,0.10958894,-0.08938623,0.05919035
0.04633057,0.2310694,0.39398316,-0.090792775,-0.32861838,0.26996994,0.15014066,0.29945078,-0.39634573,0.5547782,0.051443383,-0.09463869,0.33629483,-0.19993135,0.17528567,0.39848343,0.09667175,-0.39269546,0.27764773,0.108285524
-0.07088382,-0.0092838425,-0.15030633,-0.18144786,-0.05837698,-0.15737963,-0.060761422,-0.13436097,-0.117839,-0.07366918,0.05554939,-0.01677059,-0.089791544,0.020720594,0.094402075,-0.014713475,-0.029804002,0.10528524,-0.094167486,0.04804982
-0.20312235,-0.028051242,-0.09815785,0.19946212,-0.22534463,0.13279049,-0.18597312,0.02884146,-0.2557498,0.113205776,-0.05045489,0.01107382,0.17347567,-0.029272726,-0.3546484,-0.17298017,-0.3036399,0.017051771,0.19847593,0.09176261
-0.091290034,-0.03000588,-0.12257292,-0.2379011,-0.046463028,-0.088521026,-0.14059538,-0.13596131,-0.108207375,-0.08001933,0.03675594,-0.007726517,-0.09426368,0.09955893,0.030126266,-0.014437295,0.02834867,0.12138905,-0.080817826,0.101647824
-0.38339624,0.09906365,-0.1252503,0.07706575,0.039080348,0.035852782,-0.03848875,0.030685574,0.11482559,0.16241057,-0.09781334,0.25516036,0.2370538,-0.16333574,-0.36953643,-0.16814761,0.004648198,-0.18946455,-0.1268453,-0.16223103
-0.10387584,-0.059614286,-0.105945356,-0.19609675,-0.066419564,-0.09869892,-0.1439263,-0.15744685,-0.11075835,-0.060170285,0.05362746,-0.050226305,-0.07777812,0.013352457,0.07260268,-0.0566038,-0.013568633,0.02449792,-0.03957364,0.013635997
-0.072223656,-0.015414446,-0.12139836,-0.24181011,-0.064742886,-0.04010372,-0.16335729,-0.14961183,-0.073079,-0.0753794,0.02708649,-0.03493354,-0.0628531,0.09912386,0.044006735,-0.039388556,0.05983115,0.13997145,-0.015785864,0.060525525
-0.046329785,0.00016458242,-0.116401315,-0.23208708,-0.047527723,-0.12539858,-0.12840222,-0.18292418,-0.08232218,-0.060734812,-0.0051467186,-0.043353748,-0.17175397,0.03503767,0.13275449,-0.043769076,-0.003199321,0.08660655,-0.01919762,0.09303267
-0.03763136,-0.069765404,-0.12047414,-0.19813067,-0.04661395,-0.11773711,-0.12030336,-0.13449591,-0.063660204,0.00059929275,0.029250031,-0.05894689,-0.1297617,0.070314966,0.08180907,-0.029271415,0.05299389,0.116692305,-0.055602223,0.037069798
-0.050152272,-0.018973585,-0.13135536,-0.16400929,-0.007903783,-0.044093877,-0.17588314,-0.18949355,-0.13107726,-0.032401275,0.03390012,0.003204316,-0.10414714,0.11854965,0.13484198,-0.023418697,0.0707694,0.12687477,-0.057359416,0.040527835
