5.759335e-05,-0.0013786001,0.0007323617,-0.0030100017,-0.0034721696,0.00294879,-0.0012191117,-0.011849643,0.00043694384,0.005943614,-0.0053049577,-0.0024197537,0.00055305904,0.0023377873,0.00026011726,0.0060086283,0.005069945,-0.0013900453,0.0011294107,-0.0028990072
-0.00031798956,-0.0124227,0.0060327593,0.002308876,0.0010374726,-0.011937696,0.0025673043,0.0012733706,0.0034686932,-0.00010399864,0.01211921,-0.017209036,0.007832469,0.0056201764,0.0030471853,0.0052018184,-0.0022270256,0.01759069,0.012152845,-0.00015494533
-0.004514184,0.008749956,-0.0025224204,0.0040195175,-0.0065994575,0.010615443,0.005983432,0.005655772,-0.0041791834,-0.0016729066,-0.001532805,-0.00074998004,0.006132419,-0.006458697,-0.0051870774,0.00023747495,0.009651639,-0.010769087,-0.013437337,0.008131902
0.0018912934,-0.014400623,0.003779588,-0.005924503,-0.0064354837,-0.0127967885,0.007680611,-0.0034850568,-0.018514497,0.008493267,-0.002418636,-0.012708507,0.012254758,0.0040646186,-0.0023771205,-0.0038329123,0.011066262,-0.0027861695,0.0108190095,-0.0005899608
0.0044688624,0.0031675643,-0.009640926,0.0021330402,0.0059649195,-0.004376711,0.00032527314,-0.01793539,0.0049834074,0.0028158396,-0.00048703718,0.013375715,-0.00038784865,-0.00010497814,0.002659908,0.0009997368,-0.0025522318,0.010034374,0.0022961677,-0.0007734898
-0.0017348063,-0.004823991,0.00018314115,0.0041657095,-0.00056221744,0.00029365462,-0.0027822813,-0.000353109,0.0018294493,-0.00762138,-0.0013917008,-0.00057377113,0.005946513,0.00054529216,-0.0015272517,-0.0029730296,0.0055999714,-0.0038138572,-0.0008999047,0.002297624
-0.0010436669,0.0060825143,0.0036105914,-0.00051581283,-0.004001647,-0.00039058676,0.00048805983,-0.0020654611,0.0056592827,-0.0021775372,-0.0022073698,-0.0038288787,-0.00090939406,0.0029572875,-0.0010680829,0.0009828223,-0.0018841187,0.0027938632,0.0012508789,-0.002409711
0.002099258,0.0014310807,-0.013391093,0.006946749,-0.0018398638,0.005332076,0.0026990373,-0.00633211,-0.0062013366,-0.006245571,-0.009085027,-0.0073360666,-0.00071895757,0.00560475,0.0002405201,0.0058182655,-0.004163534,-0.0038190712,0.0028324577,-0.0006922559
-0.0010400055,-0.0014421889,-0.0023434781,0.0014154728,0.0017637953,0.006762696,0.008592618,-0.007536755,0.0051540253,0.005174002,-0.0019334116,0.0009517007,0.0035571714,0.0052658264,-0.0055543035,0.00043001585,-0.00393059,-0.0042532734,0.0009617431,-0.0010739322
0.0017902348,0.0025213824,-3.4682416e-05,0.0021800068,-0.008743588,0.001753381,0.0011843916,0.0038372043,0.0069643557,0.00038010633,-0.0048750835,0.001940035,-0.0055191894,0.0023835415,0.0008651281,-0.0037228519,0.0030771259,0.005362469,0.0026254023,0.003058369
-0.0010177058,0.0007372716,-0.0025599906,-0.00033157814,-0.00035446172,0.0071760905,-0.000940893,0.00020490827,0.0038157091,-0.001986197,0.0009250898,0.003087086,0.0015004711,0.0018007692,-0.0016244564,0.0023199476,0.00097638613,-0.0008284532,0.0016896093,0.00079597655
0.0006119585,0.0005056667,0.0009258208,-0.0022567478,0.00028380996,-0.0029160923,0.0033442152,-0.00078123366,0.00053916866,-0.008072884,0.0024686193,0.00450204,-0.00013514017,-0.0019052215,-0.00066181377,-0.007215274,-0.00061805657,0.0008785654,-0.0010708192,0.0005068453
-0.001562074,0.007448889,-0.003122848,0.0072712116,0.0034354264,-0.0020847619,-0.0022201135,0.0076587177,0.0031609323,-0.011705066,-0.008654629,0.0019769883,-0.0005624684,-0.009462091,0.0076522827,-0.009411875,0.004102042,-0.0005666909,0.00689104,0.003012728
0.003524529,0.0061809206,-0.0072005712,-0.0049595754,0.00016373023,0.017057067,0.002872261,-0.015838103,0.010521005,0.013742465,0.00979881,0.0021195193,-0.00863646,0.0010490805,-0.0014707425,0.014003949,-0.010859316,0.006681728,-0.0055762026,-0.0062835496
-0.0024518021,-0.005729906,0.007199979,0.0040902994,-0.0014337467,-0.0044677206,-5.0635135e-05,-0.009541645,7.19534e-07,-0.0043607703,-0.0024547714,0.0033271636,-0.006436777,0.002326981,0.0018250218,0.0025414624,-0.00071559876,-0.010860961,0.007328938,-0.00074631395
0.0005781427,-0.014242404,-0.011123908,0.009208819,-0.00038433907,-0.0017343499,0.0024026372,0.0057076225,-0.0127098225,0.0041226386,-0.019364234,-0.017699128,0.0024496352,-0.0021706927,0.0016750777,-7.4622614e-05,0.0071052974,-0.018296564,0.00720339,-0.003819277
0.0009747841,-0.0012294286,-0.011716161,-0.0043308344,-0.0026016415,0.0006816055,0.0017008056,0.0046159755,0.005869099,0.0031686525,-0.0064869253,0.009226875,-0.0037169997,0.0028633121,-0.004876398,0.0002102751,-0.008357812,0.010618371,-0.0018249577,0.0014562315
-0.0026669672,0.014207731,0.011308622,0.10037727,0.039795622,-0.019918315,0.04559606,-0.067739405,-0.002670417,0.039838348,0.014883331,0.018002639,-0.07602606,-0.0012977115,0.015079865,0.027803678,0.022990666,-0.02571746,0.05329689,-0.013792831
0.008444815,0.0067925947,-0.014848703,0.063786514,0.025080193,0.031578016,0.018390156,-0.03180095,-0.00808358,0.03441943,0.009049205,0.020443387,-0.033908095,0.010801009,0.0023228603,-0.0039469255,-0.004263812,-0.0066228015,0.004278552,-0.011380557
0.0025687332,-0.006290025,-0.007504209,0.004718731,-0.0030040634,0.0062914607,-0.011008367,-0.0029418808,0.00010502047,0.0068981154,-0.0039708833,0.0018327602,0.0021119136,0.00086840003,0.0010537939,-5.9651138e-05,-0.0011147493,0.0036032961,-0.0059634447,-0.0032763903
-0.0052850945,-0.04202108,-0.030020993,0.0695336,0.014868295,-0.0005749402,0.07038404,-0.0055185067,0.009980206,0.043135155,0.015277155,0.005761146,-0.027192162,-0.0049781487,0.00060370454,-0.0094514,0.006028413,-0.007327957,0.0028741448,0.0061620697
-0.0023931926,-0.0030599385,-0.00014343933,0.0056277257,0.0013846632,0.009810989,-0.022984251,-0.0070406105,-0.009186417,0.0071470477,0.004707407,0.0023510978,-0.00044781726,0.0028046628,0.0045784647,0.0037795515,0.014145202,-0.013473981,0.010702536,0.0010824455
-0.00022185748,0.0014441869,0.0055924114,0.0014635102,-0.0033182667,-0.004208943,-0.0011268363,-0.0006142955,0.0006254555,-0.004081623,0.00091938203,-0.0055777687,0.0013153787,-0.0018746195,0.00069590437,-0.00022637504,0.00025506527,0.0043633324,-0.0067347228,0.0015401666
-0.00048392022,-0.012847637,-0.0008847533,0.003258975,0.008184199,-0.0073057245,-0.0006006548,0.0026797699,-0.0064072185,0.0034601134,-0.0036852604,0.002324757,-0.0074055167,0.005321064,-0.0011371195,0.0042087967,0.003386877,0.0051042032,0.0039123,-0.004209469
-0.0031691997,-0.0102738375,-0.004645163,0.015638586,0.0014384523,0.010529972,0.004371428,-0.0041752523,0.005916467,-0.0018891674,0.008626577,0.0022086669,-0.001829931,0.0039159846,-0.0030552724,0.0038245767,-0.0005491538,-0.0065621445,-0.0017897906,-0.0011482687
0.00063241145,0.0005552196,-0.0007232753,0.0010967213,-0.0076202475,-0.00026905397,-0.00058640115,0.0026858381,-0.0026693624,0.001608894,0.0006016863,0.0004972895,-0.0022035327,-0.0024152256,-0.00030151044,-0.003658924,0.0036818276,-0.00036392425,-0.0015656783,-0.0031728302
-0.00070488517,0.0038510202,0.005156568,0.0014613605,-0.004230093,0.003139786,0.010749133,-0.0023838752,-0.0103513505,0.0028948511,-0.0075909784,0.0035887253,0.0043642162,-0.00067546155,0.003004684,0.0029391935,-0.010564724,0.007454284,0.0037002368,0.00033224706
0.00075461745,0.019616885,-0.010300316,0.013500105,-0.0017748171,0.012793175,0.018107325,0.004078952,-0.009190238,0.0098144645,-0.0064272773,0.003825867,0.00015171201,0.002052894,0.0049973414,-0.00050431024,-0.008010175,0.010115047,0.0048707733,0.006206178
0.0034737196,-0.00024059732,0.002781733,0.007451425,0.005049574,0.0010195199,-0.006532348,0.000663543,-0.004219807,-0.0017156114,-0.0038787778,0.00012188052,0.011053154,0.0037000005,-0.0047610565,0.004745451,0.009254116,0.00012176955,-0.00087463594,0.00082493626
-0.0015621155,0.004866518,-0.006156053,-0.0030219608,-0.0011823039,-0.005683261,0.0026185792,-0.0026724976,0.0019571723,-0.0013676655,-0.0051661683,0.006482024,-0.0013380626,0.00021918147,-0.0020526599,0.0026613965,-0.002807443,0.0046156477,0.0077062966,0.0034544352
-0.0013468396,-0.0015740435,0.004044228,0.010918532,0.004779172,-0.0024467611,0.00036260003,-0.002226345,0.0048161796,-0.0047421395,0.0068430533,-0.008309684,-0.006251717,0.0030875711,-0.0029291492,-0.001170796,0.010832585,0.0019537858,0.0013651375,0.0011266635
0.0015954721,-0.006542883,-0.008962394,0.0031148412,-0.0049108877,0.013138804,-0.0049664574,0.0043668724,-0.007841499,-0.0047901194,-0.011512476,0.011063462,-0.0025087532,-0.0022343465,0.0018914186,0.01509817,0.002145019,0.015400916,0.0065563475,-0.004326657
-0.0033967334,-0.0066247103,0.008934564,0.00746655,0.01140374,-0.019066038,-0.0020686658,-0.012334753,-0.0009987411,-0.017084805,-0.0041000983,0.00023240462,-0.015646115,-0.011144287,-0.0010256348,-0.0008316109,-0.021032235,-0.018730279,0.005626202,0.0015734065
0.0062005827,0.011158856,0.0004771244,0.0052767973,0.016538916,-0.011306183,-0.00065658794,-0.018236017,-0.0025497496,0.021601308,-0.033289142,-0.0019145068,-0.03301375,-0.010159826,-0.0067700436,-0.017483057,-0.007223774,-0.01646077,0.033277374,0.006745606
0.0014907514,0.0069985874,-0.002401579,0.025509834,0.013170033,-0.0030197152,0.004819355,-0.009514011,-0.008920936,0.006646219,0.009596146,0.012047934,-0.00081243395,-0.0015424497,0.004258865,0.008219905,-0.0053368714,0.010224685,0.0015562096,-0.0021050721
-0.0039746803,-0.015687801,-0.0154402135,0.01825215,0.018985873,0.0018233992,0.0006848855,-0.00033963376,-0.009955592,-0.012074682,0.028646167,0.02051441,-0.009210651,-0.0050790217,0.008168546,-0.011110921,0.00936285,-0.026983866,0.0062408647,-0.0025664102
0.0035186321,-0.0011104753,-0.00855345,-0.0068544317,0.005602174,-0.0023554696,0.0061402097,-0.0075338623,-0.0071064797,0.0067973854,-0.004027229,0.011454429,0.0032925834,-0.00067284825,0.0034183434,0.008100711,0.00020868886,-0.010116278,-0.010192306,0.005137114
0.0009858995,-0.0029529447,-0.006861601,5.294649e-05,-0.0028469756,0.0023181061,0.0056994376,0.0006971301,0.004059568,-0.00017759172,-0.0073600253,0.00039326053,0.0018986841,-0.00068533875,-0.0024958518,-0.0018713365,-0.0045307875,0.008034289,0.00084743486,0.001129555
-0.0023550428,0.0010647809,-0.0018001316,0.0028109234,-0.0021036253,0.0020777301,-0.0020847938,0.00045941584,-0.0025402252,-0.0024932278,-0.009396251,0.00563442,0.0049480195,0.0065779653,-0.0015920188,-0.0047513256,0.0018749848,0.0016175425,-0.002205149,-0.0015681913
-0.003282641,0.0010859263,0.008945888,0.013298665,0.0016716484,0.012672047,-0.010139733,-0.00826394,0.008639325,-0.008389282,-0.0030277383,0.0012423104,-0.0034498791,0.0019080618,0.001095187,0.003961208,-0.0022625453,0.0107524395,0.009290238,-0.0014428153
0.0004688236,-0.001943185,-0.001479294,0.0036634675,0.0025085825,-0.001999544,-8.5362044e-05,-0.007379678,0.0026804386,-0.009462789,-0.0029194164,-0.004866004,-0.0009976292,-0.00013299193,0.0034468384,0.007909246,-0.0034219816,-0.0037934706,0.004722616,0.0004422403
-0.0018092142,0.0003014794,-0.0063444073,0.0010866409,0.00028132988,-0.0062111267,-0.0036272604,0.0021099735,0.0045966255,-0.00018515498,0.0038030955,-0.0071772663,0.0006438402,-0.0014634983,8.147746e-05,-0.006293958,-0.009050634,-0.003738771,0.0055804895,-0.0023321023
-0.0030826542,-0.007327548,-0.005300289,-0.003959626,-0.00036071026,0.0066414764,0.00016069047,0.0018411175,0.01102407,0.002033994,-0.0029590458,0.00016754934,0.0061334167,0.0023176577,0.0023349074,-0.0063188896,0.009150552,-0.007346553,-0.0062632817,-0.0010424909
0.0011750762,0.0006502342,-0.0051429807,0.002833592,-0.005805602,0.00052429177,0.0006551164,0.0003546507,0.0045317207,-0.0016822116,0.0056006396,-0.0057626315,0.0026347807,-0.0009121083,0.0014291601,-0.0036512134,-0.0053946637,0.0022084818,-0.00671379,-0.00014663216
0.0035501914,0.0061089424,-0.0044801533,-0.0037036256,2.2617038e-05,0.0015590814,-0.00032480145,-0.0075205257,0.0035405096,0.0026537678,-0.0021258707,0.0047426824,0.0052045663,-0.0016188209,-0.0025766476,0.0013895361,-0.0031945696,-0.0037491815,-0.00785567,-0.0022513445
0.0026066818,-0.0004496189,0.0012495125,-0.0071490826,0.01694113,0.0044885473,0.0038371922,-0.019789556,0.0029022032,-0.009470885,0.0061825826,-0.00059940614,-0.0049478486,-0.009193503,-0.010848964,0.008392034,-0.013765461,-0.009944555,0.0021284865,0.0005217532
-0.001351404,0.00022978107,0.00047234364,0.00024721722,-0.0076940823,-0.001862328,0.0006885262,0.0023408346,-0.005575488,0.0021914165,-0.0038838352,0.004011355,0.00037311262,-0.0021266532,0.0017320748,0.0046612443,-0.00087149173,-0.0016074389,-0.0007574813,-0.0041884235
-0.00320043,-0.0077651776,-6.92521e-05,-0.006996227,0.011213963,-0.0001423388,-0.017530475,0.008771499,0.0112807,-0.0017258817,-0.010147519,-0.005153052,-0.008828127,0.00014830538,0.0018277504,-0.007250781,-0.002059787,0.00038144755,0.007467853,-0.003742999
0.0013294711,0.0116337,-0.0010512337,0.004561232,0.0021075325,-0.0033771626,-0.013945123,0.008709105,-0.0056434246,-0.0014768055,0.0040258802,0.0076582753,0.004731714,-0.0050367466,-0.0029096203,-0.0016116193,-0.019292671,0.0015566929,-0.0011308064,-0.0003525545
0.008457162,0.0018819701,0.006570248,0.02423002,0.02148233,-0.009740514,0.01429515,0.005621957,-0.0005972519,-0.021407397,0.004126097,0.0037241613,-0.03640616,-0.0034417538,-0.0026026058,0.011070763,0.010483214,0.008094968,0.009433174,-0.005536424
-0.006909937,0.00016490815,0.0065029142,0.0020701198,0.014338156,-0.007900103,-0.029487457,-0.004400526,-0.008230775,0.015310154,-0.015493998,-0.015294709,-0.014408806,-0.013428448,-0.0037152388,0.006021945,-0.010385784,-0.015592037,-0.018171972,0.0052396245
0.006907665,0.005233921,-0.0046862643,0.00969265,0.0013606593,-0.004295467,-0.0019312053,-0.0028570222,0.006935769,-0.0010504592,0.004519199,-0.003666835,0.00038991435,0.0011543412,0.0054995692,-0.004319346,0.0023691638,-0.0005606926,-0.0003785832,-0.0021890886
-0.0044697346,-0.0073271696,-0.00082262093,-0.002292967,-0.0030775734,-0.0037033637,-0.011007396,-0.0015985288,-0.0010681013,0.0011900893,-0.0076940865,0.0067171515,0.0046778703,-0.0012451719,0.0059006484,0.00651771,0.0032385683,-0.00354604,0.0027689792,0.0009930969
-0.0046892893,0.0017061087,0.0047661797,-0.006174027,0.000294944,0.014712578,-0.006163282,-0.003171945,-0.005791929,0.0014214949,-0.00625901,-0.0021226201,-0.006782943,-0.0034955929,0.0006078315,0.009983773,0.000603941,-0.0034103654,0.0009891513,-0.0028332905
0.0021059474,-0.0026398352,0.004165017,-0.0040851254,0.0045070113,-0.0031867286,-0.0036118543,-0.0031351766,-0.003503843,-0.0020664488,-0.006149854,-0.0053027594,0.0015551224,-1.4104182e-05,-0.0019115933,0.0049999803,0.0007174494,-0.0015433707,0.0032309648,0.0043227966
-0.002162962,0.0037364142,-0.0029438508,-0.0020280026,0.0011386519,-0.0010411431,-0.0042891107,0.00025254535,-0.0012971235,-0.0029962976,-0.00012240044,0.0021575002,0.001268951,-0.0031270804,-0.00086666545,0.0030783704,0.0012672433,0.003629243,-0.0021077986,0.0008751063
-0.0015748179,0.0074161263,0.008250586,0.0066110943,-0.0037992196,-0.00667043,-0.0055087367,-0.0015376336,0.005504383,-0.004375664,0.006431513,-0.0059135845,0.0007882599,0.0059134103,-0.0025371814,0.008072756,9.1267575e-06,0.0052317055,0.0059140087,-0.0015367178
0.0017131405,0.0006237228,0.0033275802,0.004982482,-0.00397295,-0.0042150635,-0.0038062776,0.006865626,-0.002961576,0.00032871502,-0.0031208622,-0.0019812232,0.0053182733,-0.0018813778,-0.0006390792,-0.0056161736,0.0053274184,-0.0066551855,-0.001756473,-3.505456e-05
0.00093845744,0.0028558397,0.0009773038,-0.0012122196,0.0027409033,0.0014424408,-0.0005388709,0.007953223,0.00048222154,-0.0076164594,-0.0024498324,0.0032881848,0.0021792788,-0.003797259,-0.0018138009,-0.001268979,-0.0027504212,0.0012667393,0.003813376,0.0024662788
-0.0016612434,0.0011303227,-0.0071724164,0.000373817,0.0028057217,0.0022478807,-0.0035247519,1.2440665e-05,-0.0032311534,-0.0040019145,-0.0030305306,0.008165151,-0.0017738042,0.0029647308,0.0026742965,-0.0032704691,0.009112458,-0.008629733,0.012402403,0.0032458361
0.0005981732,0.004064517,-0.002533023,0.0035985992,-0.0021196224,0.0014614037,-0.0072008157,-0.009420409,0.00065029593,-0.0097571295,0.008353122,-0.00040981302,-0.0034280198,0.00077135,-0.0026115575,0.0075264648,-0.0027129767,0.007537999,0.008598265,-0.00019526473
-0.000463681,0.015007805,-0.0005375138,0.012907855,0.005891152,0.0003374306,-0.012606362,-0.004084379,0.00085777335,0.010371512,0.0002529352,-0.006750477,-0.0074344794,0.006580511,-0.00025255038,0.0006362272,0.0014411862,-0.0070417807,0.0074053295,0.0030509902
-0.0020616935,0.0016935626,-0.013944245,0.001814144,0.0008514145,0.0023289442,-0.009746313,0.010526187,0.0014152565,-0.00062162743,0.014165216,-0.0123979,-0.008677462,0.006150211,0.0018597693,0.015693512,-0.0005475968,0.004612778,0.0036376645,-0.0056727207
0.000943016,-0.010162952,0.0056286626,-0.0007868881,0.007756834,0.00046064943,-0.006485936,-0.004243715,0.01708124,0.008039022,-0.0019136354,0.005259509,0.00043069565,0.0011388958,0.0024735117,0.001809536,0.02056499,-0.0021542825,-0.0048674317,0.008123694
0.0061851786,0.05859284,0.021025818,0.037617907,0.017117843,-0.012241841,0.0424318,0.031574953,-0.0017023659,-0.0014068413,0.0008869181,0.02112061,-0.033902563,-0.0014574241,0.006116113,0.009101529,0.01561409,0.017678805,0.019098923,-0.0046717753
-0.0037786989,0.016273001,0.016626216,-0.0015866249,0.042479668,-0.07253081,-0.04236564,-0.04674218,0.05056066,0.039448176,-0.026381537,-0.009182588,-0.023124382,-0.0088770995,0.0047231205,0.0020596415,0.041797373,0.019847052,0.0537224,0.008231367
0.00033252983,0.0004921941,-0.0020288595,0.0059761796,0.0018731597,-0.0017084589,-0.0044480627,-0.002373687,-0.0012900748,-0.00273527,-0.0062286546,0.0019242447,0.0028023215,0.0014415331,0.0010501117,-0.00339808,-0.008491856,0.0038700865,0.0068911463,-0.0009944079
-0.0033711845,0.0032818858,-0.011173053,0.027518038,-0.006633944,0.0011102591,-0.0024049026,0.0029053106,-0.008534533,0.0060400385,0.005957545,-0.0013088589,-0.014070436,0.0040946254,-0.0035820212,-0.00413645,0.0083952155,-0.02124501,-0.0041417275,-0.0003820379
0.0006550033,0.011851117,-0.012268747,0.0068518803,0.013290743,-0.0053945887,-0.0010496215,-0.024417993,0.00928126,0.014013611,-0.0015795089,0.016842138,-0.015811367,-0.0026293688,-0.0016625262,0.00401178,-0.008903552,-0.02391223,-0.010632311,-0.0014586227
0.0031983557,-0.008428106,0.0022198178,0.0026826207,-0.00074081,0.006616012,0.005549058,0.0044903043,-0.0026926235,0.0036303939,0.007933881,0.0021526688,-0.00042995255,0.00059573236,-0.0062616123,-0.008853703,-0.0030817047,-0.0109534655,0.004807842,-0.0009856265
-0.00027732374,0.003607507,-0.0036337378,-0.00046903145,-0.0027520815,0.0024354025,0.006335562,0.00014651607,-0.001314252,-0.005416954,-0.003689651,-0.00791821,0.0022004931,-0.00071646844,-0.0029311,-0.006902536,0.0018066585,-0.001867792,0.006532652,0.0014726531
0.0013720086,0.004885793,0.0024596986,0.0006929227,-0.002071347,0.0015490131,0.0006810271,-0.0023243309,0.0030056725,0.0023874813,-0.0020338602,0.0035005948,-0.00180631,-0.00032067316,0.0027273064,0.00062012766,0.011304347,-0.0033253802,0.0014544034,-0.0072912285
0.006358022,0.011147214,-0.012502234,0.010598624,-0.0068077845,-0.001522673,-0.015659463,-0.006005478,0.004329762,-0.012621458,-0.0024247358,0.013593186,-0.0029700843,-0.0069442666,0.0009948384,-0.012068535,0.001778031,-0.008231564,-0.011013436,0.0028514834
-0.0030566764,-0.013385415,-0.0041614017,0.0046996227,0.0022041549,-0.0056713847,-0.00024946805,0.002293468,-0.012178529,-0.019720025,-0.0068174126,-0.001965708,0.0052773505,-0.0006332065,0.0003432253,-0.0019299265,-0.004426109,0.00012318946,0.00768936,-0.0013253799
-0.00081421935,-0.00419163,-0.0055405907,-0.0021735886,-0.0001716288,0.0054856893,0.0089795,0.0024913142,0.0032861708,-0.0060653756,-0.0070960145,-0.008201863,0.0051462157,0.00036828208,-0.0024937396,-0.0060060592,0.00031003775,0.003811814,-0.0009120755,-0.00025103317
-0.0025852977,-0.01057038,0.012489405,0.0055096466,-0.0013109281,-6.381795e-05,-0.013059676,-0.0119320145,-0.0056415405,0.0086842645,0.008859059,-0.016421152,0.0122420965,-0.0037275879,-0.0024722994,0.007655775,-0.0036456664,-0.0038201273,-0.009321681,0.008193865
4.3304026e-05,0.001253335,0.01348073,0.00026958185,-0.00071208726,-0.00064586394,-0.002809086,-0.004187731,-0.0038962224,0.0024599722,-0.0052617947,-0.001600586,0.00033408974,-0.0030006603,0.0017771127,-0.0015082642,0.0015450203,0.0034121328,-0.002235587,0.0022468343
-0.0026479869,0.013453327,0.004551713,-0.006311864,0.00056169665,-0.009485966,-0.003689015,-0.023530275,0.007964915,0.007288832,0.004939532,-0.005913567,-0.017389197,0.00053540175,-0.0011879021,0.014344569,0.019627074,-0.011111722,0.01206663,0.00027808888
-0.0037723149,0.0004849585,0.0014367931,0.0016403965,-0.008924873,-0.0013431526,-0.0026239972,-0.0052848984,0.0007674335,0.00050708704,-0.009727226,0.0099096345,0.0009715407,0.0006446829,0.0046104295,0.0057512987,-0.0044645015,0.009566747,0.0017788096,0.0013526405
0.002454887,-0.0058782143,0.00270901,-0.0006966229,-0.0013631444,-0.009019877,-0.0008432217,0.00076551683,-0.0066545946,-0.006333875,-0.0074010664,0.0057488736,-0.002508552,-0.005849944,0.0037348499,-0.0025926975,0.007922131,-0.0023183138,0.0027770053,-0.0012347801
-0.0042288424,-0.017689178,-0.0046460438,-0.0029227834,0.025884228,-0.008774849,-0.028976442,-0.008593152,0.0051757353,0.03199286,-0.027297765,-0.031201486,-0.02173662,-0.00850177,0.004749131,0.004323398,0.0017183244,-0.0069552544,0.009584667,0.0048788255
0.0021316737,-0.0019109052,0.0041564275,0.0040323576,0.0036300013,0.00066851004,0.01033673,-0.00082641444,-0.0029338778,-0.00062734785,0.008226847,-0.010398007,-0.0073167286,-0.002102615,-0.0005985397,-0.00034390055,-0.00013290558,-0.0011383238,-0.008351475,0.0021464278
0.0014955868,0.0042898883,0.0032500278,0.0020613975,-0.0025814285,0.003662215,-0.00286018,0.00023030219,0.002453162,-0.002145069,-0.0008744217,0.00041628676,0.0030948285,-0.001014803,0.0006898425,0.0005901712,0.0031414255,0.0027826736,-0.0018217771,0.00012173789
-0.00024310814,-0.0020606667,0.00031902306,0.0034596473,0.011437376,-0.009855388,-0.003493402,0.00019985178,0.0070813596,0.0056610173,-0.00090627186,-0.0004842114,0.0123687675,-0.000434286,0.0010293211,-0.0056465077,-0.0021761605,-0.0035829006,-0.0009375848,0.0014809348
0.0051234593,0.016292034,-0.005517385,0.011216406,0.003110893,-0.010706407,-0.012871471,-0.0061981203,-0.0020289458,-0.022558136,-0.031190086,0.03216083,-0.022828398,0.0008342577,0.004437282,-0.002906386,0.0235006,0.005752774,0.0073613347,0.0064737615
0.0022754841,-0.0026742595,0.0022371057,-5.0116207e-05,-0.00039132277,-0.0068101413,-0.0017481442,0.005638508,-0.0031472086,-0.00023519175,0.005918125,-0.0008233753,0.0011288981,0.0017477364,-0.0040938966,0.00023249166,0.002976067,-0.0057647093,-0.0035334763,-0.0010970079
-0.002506316,-0.0030051013,-0.00024947585,-0.0023184558,-0.00043677285,0.0020803006,-0.000435488,-0.0035267666,0.00010415027,-0.0069229263,-0.0011019227,-0.0028915615,0.0008381335,-0.0013546856,-4.2206506e-05,0.0028180927,-0.0023195904,0.0028799968,-0.0025984733,-0.00088621845
-0.002375881,0.003473811,0.0077413484,-0.0021182336,0.0028996195,0.0018358199,-0.0057910075,0.0007295946,-0.0040606875,0.00041242823,0.004012365,-0.012172239,-0.0015549364,0.0041944184,0.0052962056,0.003062551,-0.0046593593,-0.008792358,0.0014889668,-0.0027446335
-0.007846268,0.008470124,-0.033092253,0.034267936,0.020783065,0.0082124565,0.008091218,-0.03980817,0.00788313,0.013047208,0.0029775917,-0.010127051,-0.026780812,-0.013510115,-0.0031077473,-0.020026919,-0.002334586,-0.020323107,-0.0011270909,-0.0013659319
-0.005363126,0.005603594,0.0066387937,-0.0006173916,-0.005315319,-0.0039745304,0.0012919408,-0.0016815013,-0.0046844822,-0.0005415237,-0.011729642,-0.0016096135,-0.004779895,0.0019568782,0.0031667072,-0.005657984,0.004398907,0.00032999506,0.0012146701,-0.00029424205
-0.0032118654,-0.00675813,-0.0021026717,-0.0041998127,-0.000333313,0.008223466,-0.001972136,-0.003744227,-0.009197474,-0.00014546336,-0.0050707087,0.0015947679,0.00096000696,0.002069446,0.0022417726,-0.00493926,0.0008889679,0.0012403489,0.0049226154,0.0030219997
0.0029126317,0.0019870151,0.0066413158,-0.0025124396,-0.00032593284,-0.002952545,0.0009382995,0.010179944,-0.007626888,0.0025934821,0.0022612922,-0.003685497,0.00095352344,0.0019505252,-0.003414294,0.0056906673,-0.0023893218,-0.001846831,0.0054307175,-0.0025452746
-0.0054653008,-0.009805183,-0.003464717,-0.0021331154,0.0016324859,0.0036920107,0.0016934677,0.004524264,-0.0044480534,0.0042255525,-0.011307908,0.0077029103,0.0033326221,0.0050118384,0.00339994,0.0004881984,0.0030063195,0.00073188636,0.0069111,-0.00020921652
-0.004998697,0.012200753,0.0041323868,0.019322762,0.009502335,0.004569606,0.009192921,-0.006150346,-0.0069568665,-0.007595453,0.00359366,0.017119339,-0.010666315,-7.151127e-05,0.00021576168,-0.002472243,-0.003183002,-0.0050354665,-0.0027242627,0.002943584
0.00038896676,-0.0052459473,-0.0015551042,-0.00811044,0.00039872096,0.00036751432,-0.0020388314,0.00088203617,0.0016572485,0.0077890987,0.0029693027,0.00087577925,0.001935222,0.0004993457,0.0013685822,0.0035438954,-0.00043627608,0.003383612,-0.000114425035,0.002727234
-0.0023821925,0.0039118263,0.0077473926,0.0055147265,-0.0031050225,0.0039578695,0.00020736209,0.0026857324,0.0062626335,0.009331311,-0.0012869707,0.0045259558,0.0047008595,0.0040447456,-0.0004633789,-0.007635537,-0.003758049,0.0051100636,0.0010351733,0.00088810053
0.0016930058,-0.00609227,0.0017414824,-0.001841853,0.00012809136,0.0070664748,-0.0003581642,-0.005048611,-0.0011074953,-0.0053158174,-0.002744892,-0.001580047,-0.0032954672,0.0015509758,0.0017842965,-0.001280586,-0.0065748724,0.0018756965,-0.0016350107,0.00067999086
0.0052133165,-0.0068754153,0.00011221354,-0.0008208256,-0.003711648,-8.79049e-05,0.0031005356,-0.00074733316,0.0017408592,-0.0013674577,-0.0017497742,-0.0011881547,0.002675608,0.00061059784,0.0023973633,0.0037244002,-0.006485692,0.009378085,0.0054448647,-0.00019064908
0.0052687316,-0.00055620656,-0.0006821661,0.005745422,0.0010350524,-0.0028979708,0.005069375,0.004814003,-0.005014166,-0.0020792051,-0.00832231,0.0018690125,0.0037371463,-0.0022619923,0.0008779308,-0.0016342887,-0.00089897367,-0.0034364446,-0.0063188025,0.001575321
0.001499074,-0.008532402,-0.0016415413,-0.00065264467,0.0026163687,-0.0032642058,-0.0015511764,-0.009249788,0.0010788586,0.0030504894,-0.003970056,-0.008545102,-0.002278313,0.0042035053,0.0013708832,-0.0036910046,0.00982953,0.0038730823,-0.008035635,-0.0015200612
0.039412327,0.052282196,0.06082952,0.18900965,0.059567805,0.06528682,0.18003044,0.034638923,0.02591294,0.07845774,0.10931164,0.0990719,-0.09915206,0.009034782,0.010620136,0.049190074,-0.021454124,0.12515563,0.07564511,-0.005121063
0.008824222,0.124808185,0.033310056,0.019146943,-0.0074687037,0.017210068,0.07524911,-0.0021856506,0.003654819,0.06114018,-0.0001636789,0.014592705,-0.030106172,-0.006046458,-0.0040818336,0.04281858,-0.02107557,-0.000930178,0.010190588,0.0024698535
0.006092438,0.017803127,0.00056227285,-0.0013797204,-0.011146306,-0.0074733477,0.014844498,-0.0045489725,0.013814294,-0.0024769425,-0.01474395,0.00747726,0.00065282464,-0.0033318575,0.0014658151,-0.010436539,0.00470547,0.0015988481,-0.0005432176,0.005831713
-0.0018599881,-0.005391195,-0.00073421857,-0.0024755294,-0.001223736,-0.0052745882,-0.0012785824,0.0062300353,-0.009460698,-0.004943642,-0.002533349,-0.0002315613,-0.0010787096,0.0018549323,-0.0010948471,-0.0006978314,-0.0026567131,-0.010868402,0.00449286,-0.0010410785
-0.0016624852,-0.007265931,-0.0013360002,0.015557254,-0.0072544105,-0.010603384,-0.011411957,0.0041695363,-0.010265064,-0.0016579229,-0.0036724997,-0.00869732,-0.0042704875,0.0017132453,0.0016186573,0.0071366057,0.008222248,-0.0021799263,0.0031077003,-0.0016592749
-0.001562057,0.008091317,0.020550659,0.0012923554,-0.012810057,0.0009900155,-0.0013958465,0.0038166116,0.0002228264,0.00040498166,0.002351237,0.0060543334,-0.0019401074,0.0004476955,-0.0023088825,0.0002607436,-0.0052462933,0.005761956,0.0064549544,-0.0015613374
0.00092716835,0.0020746982,0.0033912172,0.00046974933,0.0019111962,-0.0011515735,-0.000449597,-0.0027692395,0.0022543438,-0.008856311,0.0010306849,-0.004609909,0.0022401274,0.0054885712,-0.0025325974,0.0030388583,-0.0043417835,0.00039497454,-0.00030125817,-8.560301e-05
-0.0006809125,-0.0026201997,-0.006298317,0.0011100249,0.0012847886,0.0028997937,-0.001013303,-0.0064805015,-0.0002306758,0.00096693623,0.002880866,-0.00444943,0.0063480744,0.0008515084,0.0009204737,-0.00011996858,0.0032225957,-0.0012862778,0.00040096295,-0.0012501668
0.010436648,0.107248195,0.03899969,0.0024939724,0.009247431,0.016163548,0.011222449,-0.014050862,0.007503137,-0.018091727,-0.014145739,0.028985513,-0.052790046,0.008034486,0.023947274,0.018993486,0.0008811367,0.006606038,0.00704589,0.00531578
-0.004496912,0.04513207,0.007866024,-0.0023478644,0.011848745,0.01573092,0.00907688,-0.0025513961,-0.0064499434,0.003742094,-0.040159762,0.017762786,-0.013917462,0.0045815073,-0.00669134,0.0103371255,-0.022995686,0.010606496,-0.0109095145,0.0054256343
-0.000806359,0.04416194,0.005279783,-0.0009301667,0.0044989805,0.007025535,0.014142715,0.0060236696,-0.0021577924,0.0006841934,-0.00434068,0.018305805,-0.0057836175,0.0045779212,-0.0014073408,0.012875491,-0.0040998133,0.0074149338,-0.0004406643,-0.001899112
-0.00045936272,-0.002799127,0.0048229666,0.0021710843,0.0034168616,-0.018447056,-0.012202864,0.004513452,0.004533675,-0.0012084291,-0.0013744199,-0.0048864996,0.0033776425,-0.005496898,-0.0007411429,-0.0024425657,-9.5966796e-05,0.0012415497,0.0048424588,-0.0014589101
0.0015828994,0.00056789484,-0.00078734977,-0.0002638757,0.0033550344,0.0027052984,-0.0032512248,-0.0035028495,-0.0012516383,-0.0007190632,-0.010507418,0.0043194606,0.0029888307,0.0013491648,0.004232208,0.0050652195,0.0044633537,0.002214629,0.0028741322,-0.00074997084
0.0020265663,0.03112081,0.0031446074,0.012319749,-0.0015625202,0.0055893944,0.031396795,0.014444641,-0.031130332,0.020381808,0.007414096,0.02004494,-0.009853782,0.018526671,-0.0018782287,0.007668536,-0.010238429,-0.0042610187,-0.0056921896,0.0077427137
0.00037721102,-0.009935803,-0.0022979176,0.002535922,0.0033323278,0.0037783154,0.0028563873,-0.003454273,0.002535658,-0.0032418102,0.011305998,0.0009737377,0.0017515898,-0.00045651683,0.004242917,0.00049051753,-0.0052314512,0.0076781213,0.008246089,-0.0035222434
0.001867526,0.008102227,-0.005462378,0.0010400377,-0.00080212014,-0.0057041002,0.007602581,0.0058628093,-0.0042126738,0.0031664101,-0.001940739,-0.005953851,0.0079639675,0.003565495,-0.003541519,0.0017550422,0.004355491,-0.0015018593,0.004214872,-0.0019255584
-0.0017866907,-0.0050024283,-0.003952335,-9.2996415e-05,-0.0054366332,-0.0030132064,-0.0074600736,-0.007977078,0.0011179562,0.0055501787,0.001210453,0.0072338693,0.0018553233,0.0023390667,-0.00093168614,0.013223013,0.008836465,0.009553227,0.0064527574,-0.0012657661
-0.05231755,0.042416565,0.21424177,-0.040482655,0.11638062,-0.1663516,0.09558591,-0.26235104,-0.3099523,0.008868449,0.048361067,-0.17334017,0.010019499,-0.029334646,0.025910364,-0.21317898,0.13502987,0.26645294,-0.12794551,-0.01258502
0.0025389674,-0.006073768,0.011213347,0.0014469534,-0.00042723012,0.0042860545,-0.0063484306,-0.00371775,-0.004359136,-0.0034310569,0.000112349335,-0.008612372,0.0029310016,-0.0023930161,0.0012675585,-0.0019465818,0.005854682,0.0057692504,-0.0035533416,0.0014235907
0.0010700849,0.00949216,-0.0026110278,0.0056217005,-0.004545509,-0.0008101762,0.0008264172,0.0032150343,-0.0043132664,-0.0035591824,-0.0027245728,0.0038566345,-0.0033622049,-0.0014978433,0.002804692,0.0003966048,0.0013863168,-0.0025695765,0.005083935,0.0027966993
0.0018575245,0.0036253456,0.004886284,0.0073094144,-0.001201926,0.0075723245,-0.004078171,-0.0015268966,0.0064443224,0.003480703,0.0066421893,0.0051073222,-0.0018677788,0.0020869544,0.001645419,0.0024586853,-0.0025698903,0.009486975,0.00043929074,0.0040965485
0.0003241282,0.0050953343,-0.002188137,0.00347412,0.0022198253,0.0030208344,-0.0036605357,-0.0015480462,0.0011103168,-0.0021810967,0.0038977067,-0.0034076252,0.0045458456,0.002108099,0.00058367144,0.0015975089,-0.0018952736,-0.00010125831,-0.0025567901,-0.00064752955
0.003962329,-0.061661,-0.021287935,0.07058677,-0.00063395395,0.0038250694,0.019224247,0.0024937112,-0.012626586,0.036840793,0.044853225,0.023608778,-0.012001892,-0.0034435065,0.0019563925,0.0024472852,0.016859282,-0.008958801,0.015436306,-0.004174432
-0.0006963503,-0.0017891317,-9.527509e-05,0.0013089033,0.00039454855,0.0027963533,0.00467978,0.0011902701,-0.0012575454,0.0009235835,-0.0011236442,0.0037321448,0.0009177348,0.00408068,0.004001103,0.006706923,-0.00143942,-0.0025282446,0.000324732,-0.0026997202
-0.0024399706,-0.007686849,-0.016344635,0.0016076823,0.009131407,0.0004307784,0.0023160463,-0.010915737,0.0029348775,0.011942016,0.0033537545,-0.00908034,-0.0057568047,4.4132204e-05,0.004683928,0.003529191,0.00466369,-0.002090866,-0.0023402565,0.0042293747
0.00012360406,-0.011009423,-0.015772022,0.013078762,0.0028038037,-0.0011785864,-0.025816973,0.0013219267,0.0016246184,0.0051981146,0.0009867727,-0.01248783,-0.004255096,0.002796443,0.006042085,-0.0077029625,-0.004966889,0.0020514524,0.0026865609,-0.0038703547
0.0016753802,0.001662676,0.0012820492,0.0010878035,-0.005478586,-0.003044653,-0.003735003,0.0016944577,0.0015910517,-0.004423816,0.00043048628,-0.0010399292,-0.0009898188,-0.0006009125,-0.0021553633,0.0017065965,0.0056872317,0.0014293914,0.002221126,-0.002648992
0.0046675783,-0.0009818267,-0.0072972868,-0.0025875354,0.009005299,0.005024107,0.009176714,0.0031006455,0.0106645515,0.016905108,0.014045593,0.014992187,0.0016363736,0.006372857,0.011700207,0.0051386026,-0.0008182652,-0.0054482375,-0.012568403,-0.020303905
-0.005577553,-0.009534577,0.005134534,-0.00096928,-0.0020126298,0.009651522,-0.006349803,3.4045886e-05,-0.009696506,0.0032016241,-0.0013379793,0.0017183763,0.003226,0.0056091696,-0.00014752088,0.00047477137,-0.0035430987,0.0044789324,0.0057906075,-0.0055730334
1.4923204e-05,-0.0006164614,-0.002393433,0.0037221801,-0.0019458431,0.0040912917,-0.00036636228,0.00029237114,0.0031429438,-0.0039694714,-0.0010537328,-0.008239904,0.0012544069,-0.0004113437,-0.0021268018,0.0010064738,-0.0054928926,0.0031725718,0.0002929192,0.0018333822
0.0039296644,-0.010067805,0.0077240015,0.008583598,-0.002323984,-0.018746218,0.006563695,0.0006983815,0.00223731,0.009693624,0.00038803072,0.009781724,-0.015498692,-0.004418087,-0.0021310635,0.004608051,0.002576999,-0.0068017812,-0.00836479,0.002386354
0.0005590861,0.0027341994,0.0038319374,-0.0028346695,-0.00067531527,-0.0013105845,0.00042704493,0.0057430263,-0.0026016594,0.0015529188,0.0030755047,0.006092771,-0.0030080345,0.00015055464,-0.0008678287,-0.0009066445,0.0034132488,-0.0025551133,0.0064679915,0.0011408199
-0.0104163885,-0.025168704,0.014298805,0.018698389,0.012197636,-0.024546098,-0.025766643,-0.027358439,-0.02002356,-0.04130284,-0.008733284,0.016607834,-0.0043344237,0.016230922,-0.0054293796,0.009086954,-0.033519156,-0.030384757,0.012225127,0.009146676
0.0048324796,-0.0080790855,0.0036504848,-0.0035193039,0.010124901,0.0027168873,-0.006404264,-0.019414132,-0.0038780877,-0.0077752504,-0.011335177,0.00024505384,-0.0022957644,0.005738353,0.0063996823,0.014041077,-0.0061661582,-0.0060971514,0.015139063,0.006434873
0.0050774543,0.009913521,-0.011201246,0.0065449006,0.0068973564,-0.018958503,-0.023070114,-0.011769731,-0.005348695,-0.016083928,-0.003037318,-0.0014144288,-0.011087096,-0.0004730086,-0.0015865638,0.0019732355,-0.0058847144,-0.019652138,0.016755821,0.00074088667
-0.00035445724,0.0051413197,-0.0029415276,0.0053840084,0.0014197541,-0.00417069,-0.0035797781,0.0025284872,0.003119251,-0.014657884,-0.0044160197,-0.0044216565,-0.0049454123,0.0008176541,-0.0012870653,-0.0030636324,0.0071496554,0.0012962712,0.0035144426,-0.00063839206
-0.0028557107,-0.0025886463,-0.004092693,-0.00094455096,0.0012438538,0.0006000378,0.0017416092,0.006057,0.008018083,-0.004577742,-0.0021075963,0.003213217,-0.0044122613,0.0019995365,0.0018997071,-0.0010783349,-0.0031998514,-0.00090098777,-0.0026337393,0.0008640081
-0.00031834055,-0.0023175832,0.0027938555,0.0018598598,-0.005602188,-0.000418244,-0.001957599,0.0014902161,0.0009677892,-0.00023018422,-0.0016518143,-0.00025316657,0.002739763,-0.0023153082,0.0012745667,-0.0007549842,-0.00074939174,-0.00684103,-0.0059627756,0.0007015886
-0.0047991043,-0.021372404,-0.009765115,0.022610871,0.0006987445,-0.011245848,0.008430098,-0.028309299,-0.012097561,-0.0012202772,-0.0010486331,-0.014101566,0.0022484735,0.0034593884,-0.0010355833,-0.012427012,0.001870716,-0.0104921255,-0.011222128,0.0009516668
-0.0042634173,-0.009058529,0.0037905348,-0.0026842495,0.00046223652,-0.0019933197,-0.0006773889,-0.014469009,0.0055336645,0.010585462,0.0029031353,-0.0062138345,-0.012874103,-0.002294597,0.002074333,-0.00022976004,0.0197664,0.0072355457,0.009999345,0.00068097544
-0.00021434909,0.003687337,-0.0035355436,0.0014765535,-0.0020734428,0.0071443906,-0.0048976783,-0.0037057255,-0.002073419,-0.002505577,-0.0021162857,0.0017567642,-0.00033548084,-0.001492255,0.000813819,6.579162e-05,0.0006753319,0.006277916,0.0012679858,-0.00085687113
0.0053008245,0.092286706,-0.079095766,-0.0065452224,0.13097805,0.07291152,-0.07807895,-0.044913627,-0.08376961,-0.05331311,-0.11307581,0.2738692,-0.08247574,0.02120784,-0.0026144974,-0.041318968,0.13288206,0.03556928,-0.043586746,-0.008592344
0.0014738264,0.0009906121,1.2059201e-05,0.0030686965,0.0005686186,-0.0051789097,-0.004162772,-0.003452009,0.0025325692,-0.002715133,-0.0060178037,-0.0012119478,0.0075530456,-0.0040794257,-0.0020553228,0.001292218,-0.0015814598,0.0006984313,0.008746927,0.003019823
0.0031613926,-0.02228711,-0.01222639,0.023001697,-0.011782041,0.0038104672,-0.010353317,0.00035731727,-0.014300907,0.025725408,0.009684311,0.00799465,0.002613686,0.0016846319,-0.0026247404,0.01191265,0.013873871,0.0024374123,0.007515989,-0.002742772
0.0013469285,-0.00466339,-0.026085949,0.013093349,0.007688439,-0.004719636,-0.020645581,0.022825038,-0.009670106,0.009198417,-0.018502502,-0.023461008,-0.0053657494,-0.001957761,-0.0017118787,-0.009894176,-0.015214253,-0.013363718,0.01563433,-0.0018078692
0.02622442,-0.03663233,0.0025736517,0.012678092,0.018048003,-0.016687976,0.01402015,0.035785638,0.03702726,-0.104414515,0.031204358,-0.04621093,-0.043539304,0.0034299723,0.028560761,0.026701871,-0.007341019,0.019207608,0.013809212,-0.0060037784
0.4348497,-0.04236745,0.010038235,0.072072774,0.19012812,-0.016851848,-0.0093129985,-0.026036706,0.013405649,0.032392316,-0.03923218,-0.019419914,-0.14788187,0.4138755,0.43288958,-0.009870912,-0.04110002,0.03066664,0.028746335,-0.44017243
0.0017056356,0.0051910332,-0.006167216,0.0010297168,-0.002765857,0.006326786,0.0015112291,-0.005232195,-0.007104594,-0.0050981855,-0.0032709138,-0.009634669,0.0014436989,0.0028419478,-0.0021798646,-0.005513809,0.0016754674,-0.0038025777,-0.0012722923,-0.004380134
-0.000101154554,0.0036990438,-0.008758404,0.0048248414,0.0056235436,-0.0021495875,0.0068412195,0.002402191,-0.0053026294,-0.0029778455,-0.0064641065,-0.0005073282,-0.004578068,-0.0006723849,-0.0033845783,0.0068121217,-0.0019718937,-0.015054056,-0.006944714,0.001266045
0.0007102933,0.0031109522,0.0017770086,0.0022182444,0.0016410985,-0.0036112668,-0.001841086,-0.0010383571,-0.0015382596,-0.0030375188,-0.0005698561,-0.004969552,0.0014915664,-0.0026203126,0.001388381,-0.0015123669,-0.0042577386,-0.0012348943,0.0051175198,-0.0015274404
0.0032339338,0.00390894,-0.009870401,0.015278025,0.008677309,0.009454961,0.013818693,-0.016078018,-0.01394851,0.009469214,-0.004101507,0.005858999,-0.0039835325,-0.002644188,-0.00067954016,0.0066116517,-0.014541029,-0.007911171,0.01000963,-0.0009485204
-0.0044541527,-0.008296816,-0.004521301,0.010025882,0.0047124214,-0.019443994,-0.008217846,-0.015013947,0.0011721071,-0.009462226,0.009177428,-0.011075387,-0.00850153,-0.0035257975,-0.0021235256,-0.012353595,0.0072703906,0.008150858,-0.013389234,-0.002186725
0.0012675325,0.0093777785,0.0042549903,0.0037900337,-0.0033958734,0.0040820814,0.010888074,0.0051865242,-0.0029289867,-0.006516333,-0.006500975,0.004794504,0.002795935,-0.00032619713,-0.00073617976,0.0021688999,-0.0013694074,0.0043617343,0.0047211996,0.0016343747
-0.0004899309,-0.004356495,-0.00026365923,-0.0019710185,0.0040340717,-0.01937017,-0.002124809,0.0004883423,-0.0030020257,-0.0027344767,0.0019479111,-0.0052151764,0.0053194715,-0.004601322,0.0048300847,-0.01168704,0.0013223717,0.0042101666,0.0010276709,0.001460306
0.0011807235,0.009544635,0.0033285222,0.008144171,-0.0013112037,-0.0053564855,-0.009902624,0.0017718768,0.00601902,0.0010542319,0.005578913,0.0034652695,0.0013902779,-0.0019452107,0.005697571,-0.002162194,0.003918164,-0.005303533,0.0020441022,0.0001340831
0.0075975214,0.0070708874,-0.0067311716,0.05959485,0.018335415,0.006663326,0.032554924,0.0065548182,-0.0024680232,-0.006989767,0.021545094,0.0011056757,-0.027625956,0.008052691,-2.481712e-05,0.016233329,-0.0047302768,0.006538388,0.011502053,-0.0063229995
0.0016333247,0.000106588,-0.00028620142,0.0052651055,0.008858232,-0.010728852,0.008673005,-0.017157687,0.012361294,0.010765163,0.0031426244,0.0001392868,0.0029171542,-0.0014206863,0.00097454555,-0.0012600202,-0.0057989876,-0.008778468,-0.0016834703,0.00081020215
0.0032166669,0.0054662274,-0.0030355789,-0.0001398311,-0.0011415891,-0.0045848065,0.00022261792,-0.00053272775,0.0037947805,-0.0007488497,0.0072490247,0.004751499,-0.0005193496,-0.002392259,0.002645246,-0.0037752662,0.0030514766,0.0003993697,-0.0063183433,0.00012301374
-0.0022697682,-0.0111386115,0.012076607,0.04679744,0.020602008,-0.0017211316,0.04300885,-0.011908018,-0.010726832,0.033522658,0.008733875,0.01905522,-0.04241185,-0.008996822,0.0029617266,0.03292394,0.013762819,0.0143363215,0.01726248,0.0073464657
-0.0033746455,-0.004051747,-0.0006528787,-0.0019052374,0.0016366299,-0.0010481016,-0.0035436056,-0.0045347135,0.0028875535,-0.0006143791,-0.011530047,-0.0040275524,0.0058199153,-0.0010437265,0.00044946492,-0.0056758686,-0.005175409,0.0034338164,-0.01619008,-0.004281007
0.0013886275,0.00031529018,0.0011498262,-0.007846886,-0.00017450658,-0.0068624695,0.00094549515,0.008851906,0.001949001,0.004419617,0.0062880865,-0.0019418533,-0.0038699158,0.0035487656,0.001098866,-0.0026210495,-0.0021383099,-0.0032681152,0.0015295936,6.363077e-05
-0.0011099724,-0.0193706,-0.0044220393,0.03486363,0.0071265767,0.023115274,0.023755142,-0.011163845,0.0026113596,0.017571362,0.0041272724,0.0154156005,-0.006810192,-0.0007845603,0.0005708946,0.012563025,0.0068096416,0.0126039535,-0.00724025,0.0017299979
-0.0020274774,-0.010650515,-0.002154973,0.009354978,0.0023602282,0.0029635115,0.0056272293,-0.0009891067,-0.0009181615,-0.0015874569,-0.001475478,-0.009688122,0.008142182,-0.0012413249,0.0042816214,0.0043023294,-0.0025956107,-0.002053799,0.0037487282,-5.2736672e-05
-0.008533779,-0.026623452,-0.007370987,0.0117004365,0.024261784,-0.0048723947,0.016991032,0.008566112,0.013081046,-0.03049563,0.0231559,-0.008100444,-0.008171504,-0.0006853409,0.006134318,-0.005292516,0.012308511,-0.0033783757,0.010820863,-0.00046329398
-0.0055000326,-0.023170816,-0.004962506,-0.013563592,0.00225757,0.01129357,-0.006098186,-0.002158488,0.022489216,0.002322251,-0.007017972,-0.025107915,0.00999208,-0.0088310875,-0.0018385558,-0.012117941,0.0005935631,0.0070309686,0.006917979,0.0045326757
0.0031148528,-0.008949842,-0.002379603,-0.006997472,-0.0016551132,0.0034621581,0.0031893137,-0.0037107684,-0.0064609405,-0.002872604,0.0007413485,0.0010359064,-0.009209292,0.0009725072,0.0006062115,0.010524323,-0.005177642,0.0031709645,0.0019505965,0.0001597692
-0.003996332,-0.014502587,-0.012656318,-0.008928216,-0.010925913,0.011446714,-0.0014752896,-0.01323628,0.015050368,-0.0021168634,0.001132729,-0.011200881,0.0035805204,0.003398559,-0.005076539,-0.00019343497,-0.01204889,-0.011452768,-0.0065419665,-0.005288013
-0.0016342727,-0.0040823743,-0.00016073984,-0.0043707322,-0.0026938356,0.0040484658,0.010457868,0.006419142,0.00046950352,-0.0018860557,0.00441301,0.003505771,-0.008786658,-2.80737e-05,0.0068707615,0.0021903785,0.000612757,0.00024282199,0.005897582,-0.004773706
-0.005644288,-0.06723367,-0.038080875,0.08349846,0.02036107,0.036227904,0.043495525,-0.032537565,0.0025705544,0.047849894,0.03291593,0.011215178,-0.019649403,0.008441349,-0.0040740566,-0.024505805,0.019159533,-0.02135951,0.0060698753,-0.0056971996
-0.0013691413,-0.0092173945,-0.0015569729,-0.0067663165,-0.003973623,-0.0023889313,0.00026086083,0.004561734,-0.0010882862,0.004362024,0.008330837,0.002191798,-0.0044679893,-0.001623921,0.00013631764,0.004462699,0.00014771846,-0.0016967799,0.0013122122,-0.0045334077
2.3303211e-05,-0.012195997,-0.008293728,-0.0007973169,0.010098501,-0.008299474,-0.003117444,-0.007456185,-0.0016860588,0.0055777775,-0.008189263,-0.0068697697,0.0006776585,0.001954648,0.005227712,0.003785135,-0.007663079,-0.0044382336,0.004528787,0.0030912554
0.0006921436,-0.0049217194,-0.0018244988,-0.0010665779,0.0011869391,-0.0011242426,-0.0042669615,0.012521171,-0.0026383419,-0.0025358333,-0.0020155318,-0.0023224757,-0.0061213886,0.0015362797,0.0011523246,0.0026817822,0.008082935,-0.004723005,0.0021853824,0.0009426903
-0.0008415759,-0.0003364989,-0.004875001,-0.00050274626,-0.0018057255,-0.0035188121,0.0019593083,-0.0032369925,-0.011384603,-0.002600659,-0.0035868937,0.0014918544,0.006201307,0.0047947923,-0.00058393786,0.01274891,0.0014666923,-0.0051656784,0.016099406,-0.002948094
-0.00037263124,0.002760859,-0.0028886222,0.002944981,-0.003667559,0.0029495847,0.0008695782,0.0004902899,-0.0009852954,-0.0027962802,-0.0017757479,-0.0024870248,-0.0010732013,0.00025791916,0.0015115048,-0.0007721338,-0.0027196214,0.00486942,0.0021203244,0.003981084
0.0034916678,-0.004452033,0.003348585,-0.0031001742,-0.0018779724,0.0021212175,-0.0045657763,0.005969358,-0.0044071,-0.0072093704,-0.005095183,-0.00022393695,-0.0008506837,-0.001951726,0.0027296324,-0.0028843198,0.004663452,-0.00842875,0.0019532521,-0.00061429176
-0.0005847624,-0.0048786933,0.0040586945,-0.0007638083,0.0016355569,0.0035474554,-0.0016521487,-0.0010104054,-0.0022590104,0.0012861621,0.0013475107,9.931656e-05,0.009344573,0.001536239,-0.001440722,0.009579198,0.0002678754,0.0055236,0.0013480696,-0.0007629335
4.2963962e-05,-0.002024652,0.00030689448,-0.0014665261,0.0017234442,0.0030075354,-0.00469066,-0.0045018923,0.0032535947,-0.003675232,0.0072988356,-0.0052844635,0.004143086,-0.0024021405,0.0033850726,-0.002032554,-0.0034618198,0.00018498572,-0.0016350185,0.0027858787
-0.0009913897,-0.013342334,0.005720302,-0.006460331,0.0016578931,0.0055790953,0.0062431977,-0.0025085828,0.005721054,0.0010193025,-0.005878556,0.003957519,-0.0013141545,-0.003055078,-0.0027595419,0.0057038013,-0.003946699,0.0041537583,0.01614362,-0.004139104
0.0001252948,-0.006074392,0.0016521392,0.0024524978,0.00036422414,-0.0058622225,0.0034892117,0.0021455144,0.0021391255,-0.0074655954,0.0024729366,0.0008771046,-0.0015404464,0.0016283552,0.002775758,0.0034263674,0.006938347,-0.0038570836,0.0035880269,0.001850689
-0.002624365,0.001792091,-0.0023307633,-0.0037752641,-0.00017131929,0.00014279468,-0.0059911706,0.0011755398,0.000162824,0.00034624222,-0.0005670794,0.0071124453,-0.0003232799,0.0022356543,-0.004172474,0.001729565,0.005146377,-0.004311168,0.0027248033,0.0030456244
-0.0012088938,-0.00038119982,0.00052165904,-0.0022804395,-0.0018716543,0.0003299955,-0.0031993836,0.007006114,-0.0035952346,0.0026177948,-0.0036988477,0.00065537007,0.0010062794,0.0028147053,-7.367466e-05,0.0051041963,0.001437966,0.0029774276,0.007029465,0.0001615315
5.255174e-05,-0.0040274626,0.0008376242,0.00036216175,-7.789231e-05,0.006001194,0.0061257896,0.002259908,-0.0073062303,-0.0047453046,-0.002964437,-0.0029323047,-0.0014189939,0.00084750657,0.0037824155,0.00082101714,0.0009196211,-0.002020812,0.006213198,0.00084702333
-0.0015424434,0.0031437818,-0.0012956884,-3.161388e-05,-0.0006847483,-0.0036536525,0.0011093951,-0.0011991633,-0.0008962288,-0.00048328203,-0.0044238917,-0.0062453765,0.0034036625,-0.00068737194,0.0010519128,0.0015457991,0.0008687267,0.0012553908,0.0008163599,-0.00073728187
-0.0018034269,0.000985162,0.0029807475,0.0008829908,-0.007902779,0.0077685816,-0.0053668628,-0.0024229083,-0.006456008,0.006009697,-0.0009847891,-0.003156619,0.0014058577,6.5338005e-05,0.0007612251,0.008202829,-0.00042282252,0.0022334629,0.002699212,0.0020238243
0.0015165798,0.0034672362,0.0027158652,0.0024367776,-0.0028192962,0.0061046034,-0.0029591974,0.0021886171,-0.0029650296,-0.010214466,-0.00015382539,-0.004002804,-0.008228385,-0.0012892437,-0.0024247894,0.0020789283,0.0045606866,0.0032203977,-0.00017040389,-0.00018050784
0.0017144231,0.0074410485,-0.0034088786,0.0055475538,0.0028173015,-0.0054216157,-0.0009266407,-0.0001585211,-0.0090369955,0.0035091273,-0.011579946,-0.006662405,0.004119172,-0.0012022769,0.0023809094,-0.0075748055,-0.009240334,-0.00321814,0.012337259,-0.0002314261
-0.0043294006,-0.0001604829,0.009783582,0.0037084785,-0.000394189,-0.002070639,-0.0017478996,-0.011379115,0.0013825534,-0.008120532,-0.010797193,0.0027528803,-0.004396069,-0.0042708325,0.005268401,0.0078355875,-0.006950616,0.0009750714,-0.0066312873,0.00119576
0.003339263,0.007758875,-0.004511884,0.0034361982,0.01207455,0.0026825808,-0.0007636802,-0.009186016,-0.0018426119,-0.0016850288,7.9890015e-07,-0.00035642993,-0.013195761,0.00862083,0.0012390341,0.009261637,-0.0055132266,-0.019394688,0.0059591155,-0.005900971
-0.0014671967,-0.0066901385,0.0010578864,-7.6338045e-05,0.0020208291,0.0012557742,-0.008196264,0.0017772984,0.0034912175,0.004434712,0.0008410075,0.009609916,-0.0029828537,-0.004385707,0.0008747803,0.004389001,0.0007782692,-0.00564181,-0.0210606,1.4910151e-05
0.0030994664,-0.0011170768,-0.0028613163,0.0020501958,0.0005508999,0.002254547,-0.0026246351,-0.004971379,-0.0018582416,0.0048491503,-0.0034744577,0.0014608483,0.007029369,0.0038755701,0.0029794371,0.0060380423,-0.0030290922,0.00057496637,0.00040099228,0.002916365
4.176498e-05,0.004079936,0.00014611764,0.0017816584,0.0013187112,0.007983142,-0.0010908162,-0.0036476695,-0.0007184513,-0.007380115,0.0038722528,-0.008783099,0.0010496615,0.0010612591,-0.0049404674,0.0042065913,0.0026847587,-0.0015077398,-0.0057429145,-0.0010353026
0.0010779402,0.0004259441,-9.400185e-05,-0.0027673224,-0.0020725166,-0.0075300485,-0.0030071083,-0.004244772,0.0033887743,0.0010676241,-0.002126709,-0.005344697,0.001583072,0.0035691478,-0.0005776187,-0.0028469318,-0.0028917822,-0.0022695777,0.0006946296,0.0018952049
-8.017317e-05,0.0034087948,0.00019184288,-0.0014549405,-0.0039070984,-0.0035409357,-0.001335632,-0.0030580494,0.004452495,0.0028208757,-0.0022142436,-0.0020590478,0.002642331,0.0022352205,0.002617329,0.0013898183,0.007095057,-0.0050306465,0.011192146,0.0016434777
-0.00017066648,-0.0030375593,0.0064450316,-0.00024046843,-0.0045801313,-5.9892045e-06,-0.0033405428,0.0070842947,-0.0009888458,0.0059345015,0.0013773437,-0.0051368885,0.010845398,0.0038474586,-0.0018921033,-0.0044917413,0.0028055157,0.0058168755,0.004235885,0.0024584152
0.002027789,0.0024692868,-0.0017415048,-0.0075458977,-0.007709676,0.0021527407,0.005811871,-0.013335415,-0.0026144194,0.008236039,0.005219816,-0.004820263,0.0006129425,0.005478881,-0.0013801865,-0.004018235,0.0053569824,-0.007861886,-0.008479978,-0.00036936888
0.0010940854,0.008294091,-0.0060883556,-0.0033716266,-0.0030736607,-0.0042853714,-0.0038911735,-0.009707461,0.0027042774,0.00079472124,0.0031518408,-0.0021668416,0.0033874821,-0.0021817791,0.0033104303,-0.005827584,0.0050533167,-0.0053507816,0.0036171083,0.0026911255
0.0035199136,-0.0077546933,0.0015284922,0.004763754,-0.0010292858,-0.0029474937,0.00095174846,0.0051953946,-0.00254765,0.001611945,1.8238963e-05,-0.00047351842,0.0025752832,0.0003324775,0.0031740922,0.001280546,-0.0019982453,0.005474425,0.0030818116,0.0014491382
0.002260726,0.017202968,-0.005536559,0.0056376485,0.012786702,-0.01522353,0.008618145,-0.01695731,0.009491354,0.00413393,-0.009675202,0.0010785357,-0.014285032,-0.0064352774,0.0011542963,-0.0051284805,-0.001348687,0.018695764,-0.0015993936,0.0055696312
-0.00079631666,-0.003159925,-0.012601967,0.019003991,0.010117108,-0.019781081,0.0036415022,-0.025409853,-0.0010203145,0.009627335,0.006386456,-0.013382511,-0.011712666,0.0005707124,-0.0036419325,-0.005845071,0.009550328,-0.017802674,0.019999312,0.005722399
0.0013261737,-0.0022524921,0.0064351596,0.0016631242,0.0054106927,0.012436721,-0.010230769,-0.006733441,0.010668236,0.0019340779,-0.004481846,-0.001478162,0.0019179363,-0.0036752515,0.0018526535,0.008096363,-0.0075968234,-0.0017699073,-0.0025596956,-0.005349177
-0.003570222,-0.01632328,0.0070687737,0.0028343813,0.00946909,0.007273406,-0.0060886187,-0.004034791,0.00082771643,-0.014988708,-0.0077805864,-0.00865328,-0.000643391,-0.0013247575,-0.004282194,-0.0037980373,-0.010640731,0.012362217,0.005009687,-0.0026201305
0.0047638514,0.0020357273,0.004398232,-0.0031575204,0.002623333,-0.0066934475,-0.004429433,0.0022146075,0.010577489,-0.006426414,0.0056875926,0.006619472,0.00025475907,-0.0008504665,0.00044027006,0.0035292774,0.0017669023,0.00014041454,0.0015323111,0.0018300056
0.0011576416,-0.0035315212,0.0005937199,0.0033497731,-0.0053106304,0.0032015876,-0.0009809744,0.0031309028,-0.0028727946,-0.0015780457,0.0024860753,0.0008190572,-0.0015647556,-0.00094265817,0.0012231772,0.0050339554,-0.0004435459,-0.00900028,-0.0033008459,-0.0023489397
0.0020449269,0.004903918,0.003378036,7.53738e-05,0.0009897535,0.00022364035,-0.0020488224,0.010152042,0.00082708814,-0.010600604,-0.000114879724,0.00204527,0.0037824726,0.0002358407,-0.0005021768,0.007112507,0.0019167231,0.0027351745,0.0027342415,-0.0024385084
0.002031378,0.01007678,0.004675183,0.0062399856,-0.0050332136,-0.004137839,-4.3755208e-05,0.0036042978,0.010144929,-0.004106382,-0.0009993822,0.0036822164,-0.0013777054,0.00025831908,0.002476366,-0.0018163186,0.0026214863,0.00015691126,-0.0038100888,-0.001823744
0.0037400974,-0.0045047756,0.00049824076,0.0045534433,-0.0010387911,0.0039632847,0.0021888916,-0.006135165,-0.010254,0.01019156,0.009197549,7.460946e-05,-0.010347736,0.003268959,-0.0023188076,-0.004371985,-0.00037377287,-0.0057546166,0.0041722376,-0.00055619876
-0.00035061265,-0.0010400406,0.0019506455,-0.001158165,-0.004866292,0.0047564767,-0.004412001,-0.0044990135,-0.003210003,-0.006647014,-0.0013458654,-0.0015236553,-0.0023205196,0.0030578738,-0.00013383149,0.007981117,0.002364334,0.0038984981,0.0061992533,0.0021547638
-0.0013042877,0.029805074,-0.0006849926,0.012614279,0.00213314,-0.0013075925,0.008765753,0.005710019,-0.0028275354,0.017825305,0.009521594,0.01431156,-0.01065375,-0.00029163982,-0.0027142996,0.017543579,-0.0035405778,0.00709089,-0.010410916,-0.003346712
0.0034859183,0.006175608,-0.011799949,0.003800562,-0.003316707,0.0093417,0.008740217,0.0061484785,-0.0063904696,0.0126525555,-0.0077819237,-0.0027190358,-0.0036203815,0.0034029102,-0.0004170194,-1.9189407e-05,0.009863522,-0.013107565,-0.014549236,-0.003173076
-0.005862253,0.008606816,0.0032364142,-0.002001866,0.0036152652,0.0072531,-0.003646327,0.0051401937,-0.013358643,-0.0017017012,-0.003180323,0.028250257,-0.0021182846,-0.0020738656,0.003135898,-0.0018126793,-0.0026020315,0.003984796,0.004773182,-0.0048321057
-0.0059058024,-0.0013240589,0.000120973884,-0.002723509,0.009784635,0.00013871197,-0.0026266752,0.005979873,0.0037403349,-0.0060491343,0.0026505592,0.002163579,0.006509456,0.0032688885,-0.002767193,0.0112007,-0.0025924281,0.006498726,0.009299577,-0.0055252253
0.002168764,-0.00260385,0.0015827948,0.0017897541,0.00041849824,0.001543785,-0.005248841,0.0068881004,0.0011754279,-0.006580834,0.002445164,-0.0056301933,-0.0035230755,-0.0018083146,0.003970953,-0.00028695748,0.00482836,-0.004080121,0.006705053,6.431669e-05
-0.0007024318,-0.011744249,-0.0012101867,-0.0023339435,0.0010175625,0.009093316,-0.0121028675,0.00064635626,-0.0015769615,0.0022151184,-0.009633833,0.008186996,0.00082277006,0.002763028,0.0020654257,0.001525538,0.008163536,-0.0015438559,-0.0019157906,-0.00082741806
0.004061893,0.0018711844,0.011956703,0.00023446933,0.00081495516,-0.007695474,0.005683162,-0.0075137815,-0.0021411518,-0.003667844,-0.004266324,0.006467967,-0.0059405686,-0.003088851,-0.004771767,-0.0040579434,0.0005719294,0.007361889,0.0064435746,0.00344457
0.0034405799,-0.0036340945,-0.002077153,0.00039999507,0.0023871502,0.006845476,-0.005085253,-0.009324556,0.002586689,-0.006858066,0.0012830072,-0.0019208088,0.003515879,-0.0053473944,0.0020324676,0.002020442,-0.012228626,0.005327433,-0.0025812273,-0.0003713663
-0.00057994766,-0.0063459133,-0.0113690095,0.044683762,0.0001590218,-0.022966621,0.020940285,0.005313789,0.005742724,0.0146903265,0.010766894,-0.0011810152,-0.011677312,0.0011155182,0.0030522738,-0.004666957,-0.0062568113,-0.0024491125,0.0053688264,-0.002673543
0.000880696,-0.022588992,-0.020863239,0.0207826,0.012878005,0.006989143,-0.001399958,-0.024942786,-0.010651967,0.01088116,0.0018972226,-0.007594557,-0.010192913,-0.0004239678,-0.0039874674,0.03320867,-0.0044022067,-0.01439037,-0.020554084,0.006305966
-0.00303011,0.0037903157,1.6695249e-05,7.3859635e-05,-0.0005485564,-0.004215575,0.008598214,0.0031712477,-0.008217884,0.0006345653,-0.009098074,0.004112808,-8.244382e-05,0.0013911685,0.001018851,0.0026627043,0.0009627768,0.0007813294,-0.003984404,-0.0011497126
-0.0043520154,0.0058427923,-0.0057240045,0.0069821123,0.0075028297,-0.000981329,-0.0026063642,-0.004449888,-0.0075371396,0.00017175342,0.0017842856,0.0016071689,0.009699699,0.00034980386,-0.001620333,-0.00028777207,-0.005630902,-0.0132848285,0.0008562402,0.0013220918
-0.010207555,-0.0009801234,-0.053509466,-0.03216017,0.1332112,-0.26791063,-0.084265694,-0.21369477,0.07933326,0.12910527,-0.09792388,0.04545076,-0.096287854,-0.018069541,-0.0043377685,0.016075447,-0.032374054,0.008858085,0.20039985,0.013866727
-0.0003391475,0.009592004,-0.0018614016,-0.004642797,0.0009530443,-0.0019223177,0.0010778762,-0.0031317798,0.005475799,0.0069407336,0.0090201385,0.0012459889,-0.0039387867,0.0014318876,0.004392304,-0.00034773993,-0.00274743,0.0001672231,-0.0042373706,0.0005641634
0.0019530987,-0.0030893707,-0.0063039693,-0.011583184,0.006179353,-0.00037937152,0.015533301,0.006824171,-0.0013731902,0.0053524985,0.00032255368,0.005761753,0.0044136923,-0.003405347,0.00010551677,0.009297941,-0.003004657,-0.0035238336,0.004909629,-0.002020754
-0.006925708,0.03562424,-0.009363577,0.022851301,0.027378289,-0.0041513303,0.003744683,-0.0075730397,0.01031721,0.023800245,-0.00895347,0.009411573,-0.01448437,-0.0028892586,0.0029354529,0.0006203976,-0.017954256,0.022485835,0.006727625,-0.0021182634
-0.0010832394,-0.0066530854,-0.0049623293,-0.0043907724,0.0028153574,0.003547475,-0.014031848,0.00032886452,0.0024971317,-0.003906764,0.008028853,0.0029967958,0.0017796607,-0.0024074393,0.00066980836,-0.0017226974,0.008927021,-0.005672888,0.001790354,0.00026792052
-0.0009516669,0.00030776436,0.008394176,0.002690311,0.005107315,0.0007948624,0.008853065,0.0056523886,-0.0055149444,0.0056099747,0.0062996494,-0.001764647,0.00053508487,-0.0041290703,0.0035302767,-7.9112404e-05,0.0075518223,0.00485008,0.0039490303,0.0008750705
0.006475685,-0.021948937,-0.014812066,0.017635763,-0.0015952496,0.0085986415,0.021673433,0.0028492855,-0.004090283,0.017622277,0.005894639,-0.010109018,-0.007912596,-0.0041718534,-0.0022842104,0.0075418134,0.0154103665,-0.0019047321,0.006580379,-0.0021690703
0.0036803037,0.0014639667,0.0002543845,0.005934711,-0.006464271,-0.002499294,-0.003430123,0.0034212107,-0.0024172738,0.015150733,0.004983765,0.00053958845,0.011251627,0.0049601197,-0.0027754062,-0.00015797172,0.005506987,0.005847789,0.0005601193,-0.004640626
0.0004651826,-0.002349768,-0.0018944007,0.0027917433,-0.0026143778,-0.0037092196,-0.0034260317,-0.005297834,-0.0032257645,-0.0014951585,0.0014531169,-0.0035407697,-0.00072158827,-0.000426631,0.0016509881,0.0020040162,-0.0012541782,0.0015207774,-0.0032913978,0.0017988798
0.0013919107,-0.0009562298,0.0011102433,0.0038856342,-0.0022700212,-0.0037313097,-0.0009889769,0.005898797,-0.003897481,-0.006356071,-0.0062402342,0.0056304643,-0.0015353161,-0.0032398396,-0.004043674,0.0022410648,-0.005299543,-0.004922695,0.0006918489,-0.0016340204
0.0024985797,-0.009924969,0.0037562056,0.0019118198,-0.0030719482,0.006921014,-0.0030493666,-0.0027308196,0.0021374177,-0.0030108902,-0.00055520434,-0.0021264262,-0.0026283287,-8.703326e-05,0.00068989664,-0.0008133998,-7.9298334e-05,-0.0011898053,0.0054232273,0.00031891454
0.001656361,-0.0038165336,-0.000741101,-0.0018118102,9.9701625e-05,0.0010435872,-0.009886948,0.0006600063,-0.00020082138,-0.0024333973,-0.00869303,-0.004199215,0.0015952976,0.0004335571,0.0008893033,-0.0035155076,0.00071257504,0.0067634084,-0.0026914056,0.0020626185
-0.0005375766,0.0029822066,0.0007127581,0.00221125,0.0043757167,-0.0064144614,-0.008261572,0.011651751,-0.0032077169,-0.00015233085,0.0077881264,-1.8436935e-05,-0.0015900687,-0.00019196773,-0.0030735605,0.013019571,0.01128506,-0.0053221695,0.006398262,-0.00061748584
-0.00026587915,0.0028899827,0.0042523784,-0.004352179,-0.008005593,0.011075426,0.00059098034,0.0038891875,0.0023595616,-0.006613014,-0.003476429,-0.0018708775,0.0063607297,-0.001662093,-0.0018436318,0.010411994,0.004751645,0.0009507422,-0.002825184,0.0022388864
-0.010083892,-0.0012540296,0.0005390405,0.0050550723,0.009827862,-0.00561197,-0.0064018215,-0.016654868,0.02225059,0.0045094294,-2.0228821e-05,0.0057371613,0.0068334797,0.008491438,0.0039079804,0.008364187,-0.008041352,0.0068462705,0.003156924,0.0011453514
-8.988347e-06,0.010978229,0.0043553906,-0.0007689311,-0.00070774095,0.00092446804,-0.0011141605,0.007238085,-0.00013959495,-0.0040726718,-0.0008884383,-0.0047122925,0.00077875966,-0.0017691002,0.0011283405,0.002354709,-0.0020209074,-0.0014920402,0.0034179813,0.00066460506
0.0007883255,0.007986545,-0.0028447723,-0.004874731,0.004234169,-0.005016984,0.006730877,-0.02344299,0.015186943,0.0119954,0.0066586467,0.0028186536,-0.0060658855,-0.0055910326,0.0020201097,0.002055879,-0.0010139209,-0.0026872184,0.01807771,-0.00464881
0.0018425483,-0.009127667,0.0028454189,0.009876483,-0.0048636105,0.0092990585,0.0033624554,-0.0048186146,0.005593881,-0.0004685175,0.0031075499,0.0018081912,0.0005104939,-0.0032712696,0.00012413228,-0.00027098,0.0071680704,0.0060107047,0.010692258,-0.0015491273
0.00075571483,-0.014667948,-0.007441513,0.005373974,-0.000761503,-0.0007017746,-0.009960989,-0.0011596921,-0.0059357206,-0.011375869,0.0026979898,-0.00060321856,0.0027112425,0.0025135274,0.0019173254,0.003543166,0.0024145127,0.005403267,0.001733767,-0.00069707644
0.0015184227,-0.00041963134,-0.000754245,0.0016890645,0.0035815057,0.004932094,-5.86221e-05,0.0016772825,-0.0012187805,-0.0035557104,-0.0011677399,0.0015404258,0.00011135875,0.0017488393,0.0017909589,-0.0010806333,-0.0067141727,0.0050774263,-0.0005844404,0.001677708
-0.0006660064,-0.004946469,-0.008712673,0.0058216536,0.0011867331,-0.0040171565,-0.00917027,0.0010236999,-0.0047755805,-0.007475251,-0.0038900636,-0.0048178555,-0.0029422152,0.0041724285,0.00011793307,-0.005692837,-0.0071338946,-0.004073916,0.00030231383,0.0021713201
0.010823766,-0.019239234,-0.023607133,0.041310385,0.17804275,0.04948486,-0.115649745,0.0707246,0.071796685,0.14545146,-0.18383136,-0.11894672,-0.17035827,-0.010299214,-0.018457904,-0.024325937,0.047167316,0.053201552,-0.046586365,0.025712049
-0.0075827884,0.0018609765,-1.4410834e-05,0.014803241,0.09280242,-0.009012955,-0.061145887,0.00073065795,0.032386873,0.0747491,-0.0622605,-0.092626035,-0.07618178,-0.014848095,0.009088415,0.00019270481,0.006567025,0.053251714,0.028220063,0.006972249
-0.006205969,0.082793966,-0.0006804555,0.04995349,0.18020718,0.12913485,-0.06631151,-0.063839935,0.008887699,0.1853211,-0.16061273,-0.24393608,-0.12501304,-0.02789392,0.0050803563,-0.05650236,0.16080217,-0.16735213,0.15213853,0.01887581
0.0016388078,-0.020649115,-0.0335021,0.03120689,0.046477336,-0.0021868641,-0.019504018,-0.0048639625,-0.0050892206,0.05969191,-0.046056468,-0.036881037,-0.054340545,-0.007006575,-0.004403713,-0.013767699,-0.003569073,0.0024018942,0.012629243,0.0008130573
-0.004606002,-0.011278782,-0.020550093,0.0061060744,0.07345977,0.02492252,-0.031650838,-0.0012316543,0.03691389,0.07276623,-0.06782311,-0.0368812,-0.06634625,-0.016386332,-0.013292227,-0.0085066855,0.014901862,-0.014842323,-0.0081198355,0.02351623
-0.0019237334,-0.017460896,-0.017512389,-0.0028728906,0.0981574,-0.0022526078,-0.09537967,0.028305596,0.025551422,0.08026345,-0.10938307,-0.0422528,-0.09236016,-0.0107145915,-0.020685708,-0.031157413,-0.04680243,0.03990427,-0.047666788,0.0045092246
0.015587817,0.013703712,-0.13984208,0.013300248,0.17679207,0.030131148,-0.17136423,0.1677914,-0.03981856,0.18141986,-0.19560373,-0.08666325,-0.2210754,-0.033149824,-0.020094957,-0.17302977,-0.14312097,0.13279928,0.003988446,0.032464676
-0.004381544,0.019861126,0.009065662,-0.009823145,0.03719008,0.0067291763,-0.018919017,-0.008149557,0.01848063,0.049814757,-0.026714053,-0.06997149,-0.033616416,-0.011877738,-0.012061273,0.008244083,-0.0033637327,-0.033487618,0.0005643884,0.015048831
-0.011468612,0.013725338,0.008741327,-0.01131439,0.09654284,-0.05476613,-0.097816266,0.03825065,0.086530216,0.120788306,-0.12376582,-0.015010456,-0.09460116,-0.016608434,-0.028656337,-0.007027487,-0.041113164,0.03525987,-0.025693724,0.0021639573
0.007816687,-0.09874867,0.13966796,0.020865748,0.17157291,-0.092031986,-0.15531419,-0.030456036,0.1601136,0.088003054,-0.20937394,-0.10551395,-0.14953884,-0.015681483,-0.053495035,0.07348704,0.10877261,-0.022392862,-0.17691597,0.003500817
0.0027898,-0.013058442,0.0005666694,0.018597325,0.053755943,0.0039814548,-0.053884838,-0.041808918,0.02713349,0.08743205,-0.035479695,-0.097233586,-0.07103211,0.00038731616,0.011640944,-0.0035360516,0.03264692,-0.051064774,0.01580012,0.0058364016
-0.005595649,0.0075645964,0.028170953,0.0117173875,0.079078324,0.027364,-0.07343337,0.0065559587,0.054872006,0.09902789,-0.09706225,-0.09508002,-0.06973138,0.0032935326,-0.022321733,-0.006498272,0.045952518,-0.019108927,-0.011008417,0.0032674822
-0.0009790708,-0.014422747,0.006771495,-0.0045957337,0.0408463,0.020009642,-0.038049757,0.02515866,0.0131698875,0.039741203,-0.043332513,-0.061271567,-0.030726973,-0.009635538,-0.002067044,-0.022039337,-0.008317599,-0.011828938,-0.012108752,0.011224122
0.00053790445,-0.0154738845,-0.0021764399,-0.004347232,0.00020883369,-0.011328071,0.0031398959,0.0095434245,-0.004754983,-0.0018665526,0.0037700906,-0.00024270767,0.0049318336,-0.002027539,-0.0030616475,0.005428067,0.011477188,-0.0072394386,0.015887493,0.00029326958
0.016320478,-0.012201041,0.02231981,0.032777697,0.10711593,0.010610769,-0.06413109,0.049916033,0.021210235,-0.31845558,0.12120049,-0.031718478,-0.16701604,0.0058819186,0.046040077,0.018255115,0.024956299,0.04695738,0.11990395,-0.001975769
0.00774084,-0.18530409,-0.10911021,0.16847293,0.07512105,0.047066554,0.06475614,-0.02969804,-0.025659572,0.013535187,0.10632344,-0.01399574,-0.0742577,0.007919277,0.0169139,-0.0334304,0.036474794,-0.05160602,0.019846449,-0.00017144965
0.02919777,0.09235725,0.014107965,0.244031,0.07791233,0.041319165,0.22137238,0.013259976,0.020251442,0.078911446,0.06986838,0.07389828,-0.13100882,0.0031759038,0.02157567,0.11114609,-0.06833259,0.05125927,0.024407325,-0.0017762445
-0.0048062964,0.0002610283,-0.0036064265,0.019636221,-0.006534754,0.019366134,-0.018684223,-0.0035487069,0.0030555332,0.015430513,0.01679917,0.031159954,-0.018735513,0.0034148518,0.002572442,-0.009967345,-0.00635109,0.0058134855,0.009638348,0.004067476
0.0048300554,-0.114285395,-0.03193761,0.13694362,0.04325958,0.0026711654,0.12324609,1.1736993e-06,0.017735537,0.053392477,0.060010117,0.055534616,-0.048309114,-0.015282382,-0.0004909219,0.023185011,0.004140574,-0.018080346,-0.035200797,-0.006435135
0.006122266,-0.11215766,-0.007052821,0.15749574,0.060631588,0.020791262,0.12584402,-0.020489914,-0.013834213,0.05186474,0.07604093,0.047165092,-0.05369582,-0.010141949,-0.004470592,0.010141967,0.00911528,-0.01541713,-0.035117373,-0.002870055
0.0037577215,-0.1876308,0.20627232,0.053965524,0.012534626,0.112222634,0.07191735,0.007298062,0.09744168,0.12987289,0.065118685,0.15564157,-0.0043431236,-0.001133977,-0.023641631,-0.20816249,-0.039823662,0.010853992,0.09149529,-0.005614477
0.013324209,-0.1305889,0.12739414,0.041246217,0.011207183,0.066698104,0.040895537,-0.0033909397,0.0748765,0.02978094,0.024377514,0.084444046,0.00068211753,-0.0035517905,-0.009873593,-0.12890142,-0.017779283,0.00761915,0.040072516,0.006513541
-0.0051701632,-0.0014752053,-0.013699073,0.00615037,0.0154245235,-0.017620075,-0.006987513,0.023442008,0.009438001,0.014652828,-0.010113278,-0.009853206,-0.0095165,0.00037622155,-0.0013804869,0.02182318,-0.014173755,0.0028337357,-0.008223517,0.0049057174
0.0037028843,0.003694819,-0.00059002626,0.007612116,-0.0010697842,-0.0038145096,8.0620666e-05,0.0044856267,-0.0030213643,-0.015378546,0.00080237957,-0.0060209725,-4.0481536e-06,0.00072456483,-0.0026246854,-0.005751889,-0.0038632534,-0.0004848505,0.0046753874,0.0030185506
-0.002161708,-2.5586574e-05,-0.0022658496,0.0042520934,-0.0018200635,-0.017763933,-0.008510289,-0.0023714995,-0.004368931,-0.005202139,-0.00085534266,0.00161846,0.008441907,-0.0022550423,0.0006535379,0.0009774216,0.0015030568,-0.002661269,0.011284546,0.00044761895
-0.0045641353,-0.0033332363,-0.008215071,0.0009113112,-0.0031445923,-0.014142206,-0.0043629524,-0.011868713,0.0051319846,-0.0050244494,0.004380147,0.005794564,-0.0012605102,0.003060366,0.004427932,0.00847483,0.002954543,-0.0043892767,0.018478617,0.0033389668
0.00062841095,0.006046084,-0.0012241228,0.00013281754,-0.0032752522,0.0031071168,-0.00328518,-0.000806493,-0.00523042,0.00015142185,0.0019944694,0.0018819792,0.002471248,-0.0013376889,0.00029575508,-0.0060403096,-0.0018632327,-0.0019943195,0.0018918132,-0.0007047554
-0.001041817,-0.03500634,0.0053011705,0.0078035532,0.012191834,-0.0015791451,-0.0031356497,-0.014332867,0.007997603,0.0053123604,-0.00060266943,0.011774552,-0.022020012,-0.0026492306,-3.141714e-05,0.012247857,-0.0030705265,0.013074928,0.0072197374,-0.004014425
-0.0047675,0.01971079,0.0029467577,-0.0070468625,0.034750894,0.00010362602,-0.032625895,-0.005019481,-0.025817152,-0.014961502,-0.041374955,0.025539793,-0.021063775,-0.0075621335,-0.020801764,-0.01859004,-0.022202086,-0.0059513953,0.003912725,-0.0086728055
0.0044451677,-0.0041219536,-0.0011640142,0.008499883,0.008463687,-0.0015021495,-0.00093431486,-0.021770194,0.0028206953,0.0049873786,-0.011362472,-0.0018093355,-0.011583838,0.0059125135,0.0028190825,-0.0044359993,-0.016410155,-0.018882848,-0.0026767799,0.0004828313
0.0014178805,0.0042009065,-0.0012436631,0.0030434928,0.001164973,0.0010392086,-0.0015305155,-0.0030919802,0.003305575,0.0019671647,-0.001431485,0.003118254,0.0018914767,0.000767443,0.0015608668,-0.0015787093,0.00025349195,-0.00012999872,-0.0030386252,0.0019056677
-0.004881054,0.0075578354,0.0147113,-0.0031266965,0.0039062162,-0.0036181565,0.009323727,-0.012164907,-0.024615744,-5.711218e-05,0.00810075,-0.003293953,-0.0042799697,0.0010632781,-0.007991907,-0.008454801,0.0130844945,0.011130798,-0.00215489,-0.0051485524
-0.0023096462,-0.0034554817,0.0046087704,0.0051480355,-0.0045784055,-0.0041554654,-0.0005140632,0.004294101,-0.002523898,-0.011073442,-0.00828242,0.00053403695,0.0034262324,4.9410333e-05,0.00038402644,0.0015688527,-0.0049746977,0.00025880817,0.00563209,-0.0010710119
-0.0011226098,0.003347134,0.003683054,0.0011870663,0.00022772123,-0.012443301,-0.003788089,-0.004649541,-0.00093338883,-0.0020421464,-0.0019447303,0.0048226435,0.0013097369,0.0005047887,0.002611786,-0.0022038417,-0.004780889,-0.0059248772,-7.049085e-05,0.002712922
-0.00432373,-0.1819476,-0.08754473,0.20527188,0.078010604,0.00071054895,0.077308245,-0.08720686,-0.050249856,0.05208435,0.07626999,-0.009032006,-0.10833081,0.0011893505,-0.0064267484,0.02277519,0.019068616,-0.03160432,-0.03320541,0.004346532
-0.00016003622,0.0050309775,0.0056434255,0.0034505157,-0.0028577307,0.001453187,-0.0034997794,0.004631128,0.00077265943,-0.009584554,-0.0010170052,-0.001908048,-0.00323259,-0.0058716917,-0.00034647272,-0.0038012732,0.0010571455,0.004039159,0.008374,-0.00016392
0.0001578544,-0.00042135283,0.00432047,-0.003537581,0.00025790266,0.00072148646,0.0069368044,-0.00061451923,-0.0054804482,-0.0028823984,-0.0011001145,0.005584471,-0.0019307996,-0.002244137,0.0004775293,0.0035736267,-0.0022152928,0.00835285,0.0042281826,0.0001414641
0.002083269,0.02943336,0.0011971012,0.016564813,0.014448758,0.022140019,0.030392049,0.0019277703,-0.012991871,-0.015602405,-0.0072211428,0.021778531,-0.019393606,-0.00094165065,0.017330246,-0.0055610016,0.010236969,-0.023656711,-0.0056301137,-9.917928e-05
0.0018986779,-0.009288892,0.0031092393,-0.0018459334,-0.0036166308,-0.0034816752,0.009515747,0.0063795634,0.0024236115,-0.006432022,-0.012038316,0.0023229332,0.0057451087,0.0015686405,-0.0004922135,-0.0016081408,0.0017142873,-0.008065573,-1.8921026e-05,0.0050949403
0.00021816461,0.0026615246,-0.00048173024,1.4306061e-05,-0.0035055818,0.0047687627,0.0011038486,0.004156788,0.0042518047,-0.0041280263,-0.0018997984,-0.0047756103,-8.117167e-06,-0.00044911256,0.0013723583,-0.00326035,0.0023277102,0.0020168417,0.00062422536,-0.00091652793
0.0009652444,-0.010798917,-0.0031875172,0.0025653192,-0.0049572457,-0.0031399447,0.0047481083,-6.183427e-05,0.0012854774,-0.0036299524,-0.004181363,-0.012644849,0.004547811,0.0036732664,-0.0013276505,-0.001378804,0.0012020797,0.0010438844,-0.0018027668,-0.0012211732
0.0012464526,0.00031140572,0.0030270473,0.00784596,-0.0012440213,0.0014457712,0.010202103,-0.0010342216,-0.0011401513,-0.008170923,0.008106747,-0.011803697,-0.0031974805,-0.002270994,-0.00090122386,-0.0026706315,-0.010736542,0.00046426526,0.0013110344,0.0033808947
0.0027535388,0.0009091325,0.00076771714,-0.0031064982,-0.0021963746,0.0059873518,0.00024397773,-0.004947913,0.0058342023,-0.0016014823,0.001502599,-0.0025024323,0.0014973991,-0.002302648,0.005568896,0.0024820233,-0.0053034085,0.0047398144,-0.006468163,0.0021269356
-0.0025706207,-0.0099631725,-0.0097960085,-0.009833452,-0.0064880433,0.0026739389,-0.009779705,-0.011334282,0.01070265,-0.002157318,-0.0020166242,-0.009307259,-0.00019744842,-0.00021907105,0.0041454257,-0.003861419,0.017100492,0.009408059,0.015471936,0.0002799988
-0.0001295078,-0.005721495,-0.001671541,-0.00534898,0.005594979,-0.0059476593,0.002843053,0.003714063,-0.004171273,0.001073751,-0.0012029364,0.00076458737,0.0041905795,-0.0017244458,0.00075460115,-0.00036044075,-0.0015088248,-0.0020632714,-0.0015096948,-0.00026133633
-0.00060082827,0.009567832,-0.0021226378,0.0036160334,-0.0027658443,-0.0041083847,-0.0040373886,-0.004942685,0.00872457,0.00594913,0.0011148885,-0.0003847548,0.0028324253,0.0042116954,0.00018004683,0.0047683786,-0.00034823865,0.010197821,0.0061907587,-3.6448866e-05
-0.0038779627,0.0049063875,-0.0061881253,-0.002874106,0.012979824,-0.013472697,-0.0021156394,-0.015463201,0.00065173756,-0.0028328975,-0.030860767,0.020730019,-0.010401183,-0.008745063,-0.0020141476,0.0012644745,0.006209967,-0.007067535,0.014845395,0.00946531
0.0016873198,0.0056285863,0.0011697967,-0.00044460132,0.008495942,-0.0014203982,-0.008101792,-0.0014523421,-0.0029829731,-0.0014101622,0.0005778657,0.0061007813,-0.005043682,0.00016449236,0.0027097352,-0.0050579966,-0.006554932,-0.0041936357,0.0033016924,0.0039054526
-0.0022800164,0.0053872205,0.0011891597,-0.009092801,-0.0028113786,0.016054459,-0.0035026784,-0.013031835,-0.013381412,0.011888237,-0.007833672,-0.01837737,3.1150237e-05,-0.0025615601,-0.0023930927,-0.0019105733,0.0040335855,-0.022056023,0.009568551,-0.00022771445
-0.001075029,0.0059668575,0.00013060938,-0.00346932,0.009114801,-0.025776247,0.0051912265,-0.017035086,-0.0062712613,0.0037787657,0.0048286864,0.020017065,-0.007759329,-0.00053552346,-0.005676024,0.007804185,-0.0018800158,-0.014995463,0.015422359,0.00015544974
0.0009267974,0.0010102427,-0.0021242304,0.0023765136,0.001980709,5.544463e-05,-0.0051736934,0.0049657514,-0.0011678718,0.0042625912,-0.0060506146,0.0029052,0.009528574,0.0012808661,-0.0012640803,0.0023194645,-0.00060324447,-0.0043487656,-0.0032190837,-0.00027157183
0.002507701,-0.012286515,-0.0059571075,0.008642414,0.0040910426,-0.0035859228,0.0011623744,0.00039609565,-0.0011526498,0.012623158,0.009142738,0.009949721,-0.0019083122,0.0026348021,-0.00048466134,0.010774631,-0.0054845815,0.0005877235,-0.00023539146,-0.0043014907
-0.007021767,0.0023631675,0.004820768,0.0045523974,-0.0012375838,-0.001606052,0.0042285374,0.0081528155,-0.00020126042,-0.014914202,-0.012597294,-0.0035765388,-0.00063121517,0.0025868104,0.003234599,-0.009625925,-0.00012467118,-0.0027393964,0.008836718,-0.0013429541
-0.003334369,0.0026158672,0.0028006975,0.0037425216,-0.0035438093,-0.0025263,0.0005585378,0.0046138037,0.0029806532,-0.00597753,-0.0030100027,-0.0046084225,-0.0011385884,0.00245619,-0.0004572935,-0.0048023937,0.0013891893,-0.0004994619,0.00491713,0.002093067
0.0014893918,0.0072554667,0.005964882,0.0020934094,-0.00416019,-0.007268948,0.00222144,0.008979114,0.0028184084,-0.00591753,0.0016487131,-0.0102625545,-0.0016787511,-0.0031696255,-0.0019037342,-0.003093767,0.0015111067,-0.0036182287,-0.0035324267,-0.0030449512
-0.0038631188,-0.004946509,0.004164957,-0.010614703,-0.0050852303,0.0071923933,0.0028017242,-0.001273541,-0.004250724,-0.0061986134,-0.01198957,0.01397381,-0.0068488424,-0.0021615739,0.00030513405,0.004395871,-0.0034452905,0.0014740112,0.0030105037,-0.008135935
-0.0011583575,-0.0004942338,-0.0005865454,-0.0007366371,-0.0037009814,-2.7280428e-05,0.003021031,0.0060414053,0.0020516906,-0.005883771,-0.0017562206,-0.0039798473,-0.0012009939,0.0027084686,-0.003963373,0.0029177065,0.0038835674,0.003320302,0.0007126777,-0.0038386418
0.00034521296,0.0034881586,0.0018381434,0.0029585322,-0.002344981,0.00026322555,-0.00076468225,0.0030377689,-0.0049922643,-0.005967253,0.0016326298,-0.008218121,-0.0013271343,0.002078164,-1.1392103e-05,-0.0038498216,-0.0069231368,0.005219851,2.6018199e-05,0.00084168406
0.00010791472,-0.0007431618,0.001545571,-0.003486143,0.0022240314,0.0014640959,0.00058369705,0.0011225886,0.00066715846,-0.0009337701,0.0018936165,0.0037160444,0.00147052,-8.739466e-05,0.0020747948,0.0022295688,-0.004559622,-0.0053394507,-0.0016893533,-0.0026055232
-0.0017976003,-0.0015807038,0.0014326882,-0.00065961306,0.0015086752,0.005259615,-0.0027109035,0.0045636855,-0.0028952553,-0.005102361,-0.0016152181,0.0054219337,0.005830824,0.0014784258,-0.002914462,0.0112427,-0.0034027055,0.0062451414,0.0052216495,0.00064723124
0.0028266506,0.0006430642,-0.0040223612,-0.00625118,-0.0040053898,0.0044812793,-0.0028220746,-0.0013525429,-0.0007413452,-0.004978862,-0.0007763792,0.0050336,-0.0006407663,-0.0017557733,-0.001627067,0.004872509,0.008562192,0.010097376,0.0049686525,-0.0018705082
0.0018188155,-0.0025660335,-0.0022589625,-0.0034677843,-0.004175627,0.0056600412,0.0013156023,0.0028882737,0.00056999625,8.660651e-05,0.0005434692,-0.008619383,0.002697511,0.0030628757,0.00027923967,-0.0028656544,-0.0049781166,0.0043673785,0.0015752873,-0.00088154594
0.0019716306,0.008743709,0.0010377122,0.011015454,0.0027416302,0.009844213,0.0035972178,-0.005080435,-0.0047910805,0.0026949719,0.006628869,0.0076946504,-0.006068364,-0.001200112,-0.0004076261,0.0037243324,-0.0050199344,-0.015192279,0.006647768,0.003521985
-0.0010677024,0.01835561,0.0065127974,0.011267582,0.000593054,-0.004231311,0.008457186,0.009221407,-0.0080947,0.005466343,0.0051853987,0.016050968,-0.015161289,-0.0022783426,0.0025635727,0.0039390256,-0.0059699453,0.0052109296,0.0051517524,-0.0010745295
-0.0033629285,0.014067044,-0.012286097,0.018948315,0.019248225,-0.011249676,-0.00077842997,-0.043744124,0.005771435,0.0067491513,-0.0115121985,-0.0015747385,-0.01699858,0.0034624867,0.00070977403,0.003397986,-0.013059132,0.00036593457,0.0023148619,0.0008003935
-0.00041089745,-0.0056939693,-0.007057541,-0.010972661,0.0005516729,0.002688158,0.0064508477,-0.008950384,0.0023737818,0.0065332227,-0.0022404175,0.00408407,-0.00091395207,0.007832217,-0.000178525,0.009484781,-0.005321391,0.006900322,-0.008184226,-0.0038169834
0.014856016,0.12926844,0.10970633,0.0883675,0.17602946,0.021117674,0.00046881687,-0.104589425,-0.124958046,-0.03414211,-0.051742725,0.09461675,-0.13667986,0.004976353,0.012332933,-0.02233387,-0.25776407,-0.23576438,-0.06876997,-0.032848705
0.0131589845,0.01684525,0.019393412,-0.0072703385,-0.00877685,0.007787497,0.0093678115,0.01703277,-0.0033401907,0.015276107,0.013860995,0.0089889,-0.008645093,0.00020217514,0.0033794635,-0.0031896494,-0.00075829716,0.004564102,0.018313006,0.0116270045
-0.001087009,-0.0027028513,-0.0006349595,0.0029038033,0.0011922619,-0.0048233694,-0.011146533,-0.010095703,-0.0004921373,0.00059421686,-0.0023615933,-0.0029499826,0.008126599,0.00039073674,-0.0007380033,-0.00059704133,0.00099424,-0.0022655046,0.008368011,-0.001224511
-0.0001312872,0.0038463362,0.0029976063,0.0011630141,-0.0005360826,-0.0058952197,-0.007115196,0.00017820147,-0.003724645,-0.0084038675,0.0040261177,-0.0046363035,-0.004360803,-0.0035403224,0.0006476294,0.0007416578,0.0013655624,-0.007909334,0.0010486348,-0.0013973569
0.0015862685,5.010166e-06,0.00094310835,-0.0027209765,0.0017619428,-0.00278347,-0.006981455,-0.004170644,-0.0010605677,-0.0031982102,-0.005188016,0.0032784783,-0.005469179,0.006550916,0.0006257944,0.005105477,-0.009128507,-0.004549377,-0.0006602296,0.00024268386
0.0006494767,-0.001130842,-0.004328297,-0.0053114374,-0.001446498,-0.018576033,-0.0066512697,0.003364386,0.0130406255,0.00030355842,-0.00043819222,0.0011214454,-0.010131348,-0.0033515636,0.006865764,-0.014064426,0.0056727147,-0.0034308108,0.0031045938,0.0026788383
0.003700332,0.010810708,-0.005184939,0.0073205903,-0.0060533704,-0.014109204,0.00034605138,0.01833717,0.0075427243,0.0053762705,-0.0008144058,0.0035171774,0.0066727684,-0.0018991431,-0.0013956445,-0.00917769,0.0067390865,-0.0069230245,-0.0027201916,0.0004350377
0.0006872568,0.0071128807,-0.0028700556,-0.0033192565,-0.00031956547,0.006292679,-0.002180912,0.0017084046,0.003746388,-0.0013057279,-0.002520724,-0.0057255356,-0.0012591752,-0.0017031857,0.002034683,-0.0032625445,-0.0054931045,-0.0044498285,-0.005656723,0.0006643483
-0.001267781,0.002712996,-0.0038774845,0.007904495,-0.0034879986,-0.004118428,-0.0015558214,-0.00038577098,-0.0024325214,0.00060929783,-0.0016044027,-0.0053521655,0.002824479,0.0032577459,-3.332006e-05,-0.00686016,-0.0020950644,0.006327214,-0.0023594094,-0.0025628717
0.0017598979,0.0063513126,-0.00738171,-0.003948286,-0.0027350045,-0.0065695103,0.0020505514,-0.0058774864,0.0070899045,0.0055811526,0.0049176007,-0.0024889782,0.0010811295,-0.0002807661,-0.0007109002,-0.007694272,0.0037953837,-0.008547449,-0.0046389215,0.0010436671
-0.00347188,0.0011556554,-0.0016502293,-0.0038573565,-0.0010534889,-0.0056978907,-0.0010205379,0.0059942123,0.00093427545,-0.003295482,0.0024195951,0.010050508,-0.0035429453,-0.00080582855,0.0035098242,0.003341591,0.009553812,0.0033730683,0.004114867,-0.0009123654
0.0030972643,0.0026834228,-0.004559396,0.00616785,0.0036067718,0.0061166557,-0.0054319454,0.0011834755,0.0069344556,0.005967225,0.010426751,-0.0029546425,-0.011469706,-0.0038364152,0.0008599956,0.0010123608,-0.010181733,0.007132658,0.010963231,-0.0040172795
0.0005915416,-0.0064404337,-0.00048492005,0.008169025,0.0022746236,0.0051719886,0.00018696688,0.0046325866,-0.0029875217,0.0014961495,0.0014873696,0.00047681615,-0.004013756,0.00047388222,0.00090217055,-0.0016591931,3.2970624e-05,-0.006051043,0.00025874737,-0.0009561526
-0.0036665055,0.005420509,-0.004064235,0.006199622,0.005566614,0.0043615797,0.0006023338,0.0006375205,-0.00483625,0.006320795,0.0055585997,0.0044053216,-0.0048664273,0.0039450503,0.006140591,0.006004788,-0.0012241483,0.0051419265,-0.0009575733,-0.00032154727
0.0054969634,0.008890871,0.01101472,-0.00077416585,0.009817785,0.024232803,0.020535981,-0.013643901,-0.005629009,-0.0049349777,-0.005915049,0.0048281383,-0.016211243,-0.0026124103,0.011538768,0.03725498,-0.020173766,0.013856798,-0.008012729,-0.0022136848
0.0015828249,0.006062674,-0.0042398456,0.0078122504,-0.0041066557,0.0036709623,0.00024445713,0.005334146,0.0028318558,-0.011123046,0.0005812261,-0.0042733215,-0.0014579755,0.001743852,-0.0014421624,0.0031814151,0.004155002,0.003908333,-0.0015442801,-0.0008757804
-0.0032756971,0.004205688,-0.0050593303,0.013172112,0.007165242,0.0016509426,-0.0024859156,-0.0042454805,-0.0074907457,0.0073857615,-0.0026919255,0.0015918878,0.001639833,-0.0012115936,-0.00058946875,0.0020597868,-0.007997498,-0.009758818,0.0015790873,0.00040960743
-0.001925621,0.005182051,-0.0052150153,-0.004721414,-0.0022723356,0.0066567464,-0.012982223,-0.0015206118,-0.00025321826,-0.0015896197,0.005212334,-0.0062121972,0.0033669726,-0.0058598267,0.00075806817,0.003975246,-0.000886438,0.0057696546,-0.003390871,-0.0024604073
0.00024299897,-0.0006284212,-0.0003146618,-0.0029630025,-0.0031676101,0.0071772654,0.0018135074,1.7799104e-05,-0.0018712545,-0.003604783,0.0006058138,0.0014952992,-0.0018928405,-0.00043989028,-0.0014658113,0.007134355,0.0030035349,0.0012224664,0.00042044438,-0.0012608239
0.0029963427,0.0031591135,0.0034448232,0.0020165634,-0.0014166345,-0.004688728,-0.0034041067,0.00018413419,-0.010059593,-0.000444578,-0.0010830034,0.0029024528,0.0023264135,0.0010722341,-0.0014118779,-0.0005316876,0.0025579305,-0.0014840094,-0.00037410925,0.002026779
0.0006326788,0.003906915,0.0020765723,-0.0014899414,-0.0010888141,-0.004453201,-0.007246998,-0.0057474193,0.004364376,-0.0057379827,-0.00029336291,-0.0016731296,0.0010069598,-0.0035682123,0.00029447005,0.0040910635,0.005379085,-0.00044851052,-0.0020178042,8.275914e-05
-0.0045443405,0.05364023,-0.054456476,0.06489705,0.034450702,-0.031229708,0.05284227,-0.059259877,0.014770066,0.04994529,-0.01035747,-0.016039899,-0.03322951,0.0018482924,-0.0016220778,0.040370956,0.035078343,-0.02323686,0.049680814,0.0047674365
-0.00032101793,0.0061521535,0.0035859449,0.0009346454,0.004691555,-0.0029343604,-7.572578e-05,0.018012092,0.0033432601,-0.007707808,-0.002286968,0.0066378764,-0.006792278,-0.0013175405,-0.0011840488,0.0062763575,-0.0017273814,0.000266451,-0.005633951,-0.0013849298
-0.00087250216,0.009596964,0.0034889276,-0.00017231813,0.003943905,-0.014150358,0.000116498915,-0.009298384,0.006588229,0.01017509,-0.00079969515,-0.005069958,-0.0044347206,0.00178621,-0.0054044523,0.003279185,0.011800822,0.011159776,0.008339306,0.0022551434
-0.0045365775,-0.012028729,-0.0009853145,-0.0027805108,-0.0120958425,-0.007892656,-0.0042795204,0.0007773381,-0.0069354638,-0.009162141,-0.0067191776,-0.013734328,0.005880053,-0.0043763467,0.00054903276,-0.0040011695,0.0071350373,-0.007809313,-0.012606774,0.005539289
-0.001147112,-0.019427693,0.008232357,-0.01327004,0.015151707,-0.0026482823,-0.030471547,-0.009152638,0.0019635402,0.01952152,-0.009995963,-0.010961435,-0.012784483,0.0009570712,-0.011380331,0.014985366,0.009494725,0.0015313368,0.0009494936,0.00013947386
-0.0004657195,-0.0012531598,0.0008358008,0.0021716123,-0.004263138,0.007170366,-0.005548971,0.002863885,0.0028511912,0.00084896194,0.0028442142,-0.0011581302,-0.0014723641,0.006216403,0.006996352,0.0036011757,-0.0057654683,0.004634734,-0.004767592,-0.0054109017
-0.005034272,0.004265745,-0.0018812134,-0.0083907945,-0.00385465,0.0006786373,0.010062746,0.006448117,0.002571164,-0.005129002,0.0010302846,-0.0008448842,-0.00024489555,-0.0020656153,-0.0028000984,-0.0024182268,0.004864597,-0.0015600882,0.001550932,-0.00011542958
0.0021065369,-0.0037183145,0.00055483915,0.0012750898,-0.0026487892,-0.006737538,0.0029253028,-0.011454515,0.00028550616,0.00049632427,0.00043762155,0.0014801562,-0.0024976789,0.0051026624,0.0024830122,-0.0030813033,-0.010862701,0.0018916295,-0.0068695736,-0.002645636
-0.0023769822,0.005026161,-0.0020982865,0.0009278579,-4.9492737e-06,-0.0005524373,0.0019828265,0.0003342029,-0.004247467,-0.003268019,-0.004331349,0.0027078856,0.0022237105,-0.00061367766,0.0023107599,-0.00044732724,-0.003044654,0.0038908988,-0.0033411565,-0.0014572542
-0.0011317809,0.0057771406,-0.0054933336,-0.00066624477,-0.0018560106,-0.0015112103,-0.0012508684,0.0018849141,0.0015621185,-0.0022012747,0.0016635469,0.00044938707,0.0006562695,0.002933094,-0.0013839855,0.0044100396,-0.0017280556,0.011052504,-0.00076195854,0.000634785
