"","ISG15","TNFRSF18","TNFRSF4","MIB2","FAM213B","SMIM1","RBP7","DDOST","ECE1","ID3","RPL11","PITHD1","FUCA1","NIPAL3","RCAN3","C1orf63","LDLRAP1","SH3BGRL3","CD52","ZNF683","WASF2","IFI6","LAPTM5","PTP4A2","CCDC28B","MARCKSL1","YARS","PHC2","LSM10","MEAF6","SNIP1","GNL2","PPT1","YBX1","CCDC23","SLC2A1","ELOVL1","ATP6V0B","DMAP1","RPS8","PLK3","TESK2","PRDX1","GPBP1L1","LRRC41","PDZK1IP1","RNF11","OSBPL9","TMEM59","JUN","GADD45A","ZZZ3","DNAJB4","BCL10","GBP1","GBP5","RP5.943J3.2","RPAP2","RPL5","CCDC18","SLC30A7","DPH5","S1PR1","GPSM2","GNAI3","C1orf162","SIKE1","TSPAN2","CD58","CD2","FAM46C","TXNIP","ENSA","CTSS","MLLT11","SELENBP1","S100A10","S100A11","S100A9","S100A12","S100A8","S100A6","S100A4","JTB","RPS27","SH2D2A","CD48","FCER1G","HSPA6","FCGR3A","SH2D1B","TMCO1","CD247","CREG1","XCL2","XCL1","SELL","PIGC","FASLG","PRDX6","CACYBP","ABL2","GLUL","C1orf21","IVNS1ABP","RGS18","RGS1","RGS2","TROVE2","PTPRC","KDM5B","ADIPOR1","TMEM183A","YOD1","G0S2","IARS2","HLX","DUSP10","FAM177B","C1orf35","GUK1","RAB4A","COA6","ARID4B","B3GALNT2","FH","ADSS","HNRNPU.AS1","TRIM58","SH3YL1","ACP1","RPS7","RSAD2","ID2","ODC1","RAB10","OST4","YPEL5","LBH","EIF2AK2","QPCT","CYP1B1","SRSF7","MORN2","ZFP36L2","ERLEC1","RPS27A","CCDC104","EHBP1","AFTPH","PPP3R1","PLEK","NFU1","MPHOSPH10","ALMS1","DUSP11","DGUOK.AS1","HTRA2","TMSB10","CAPG","VAMP5","GNLY","CD8A","CD8B","AC062029.1","RPIA","MAL","DUSP2","MITD1","RPL31","IL1R2","GCC2","LIMS1","IL1B","IL1RN","GYPC","WDR33","FAM168B","MCM6","CXCR4","KYNU","TNFAIP6","NR4A2","TLK1","NFE2L2","SSFA2","C2orf88","SDPR","COQ10B","HSPD1","HSPE1","CLK1","STRADB","NOP58","ICOS","EEF1B2","ARPC2","RQCD1","FAM134A","DNAJB2","MFF","CCL20","SP140L","ITM2C","NCL","PTMA","ARL4C","RAMP1","UBE2F","HES6","NDUFA10","PASK","SUMF1","SETD5.AS1","SETD5","MTMR14","EMC3","RPL32","CHCHD4","SATB1","RPL15","RPSA","EIF1B","RPL14","NKTR","SNRK","ZNF852","SACM1L","LZTFL1","CXCR6","GPX1","TCTA","GNAI2","RASSF1","VPRBP","ALAS1","SELK","CCDC66","APPL1","ARF4","TMF1","MITF","PROS1","NSUN3","CMSS1","TRAT1","HES4","GLTPD1","CCNL2","TNFRSF25","PARK7","ENO1","EFHD2","C1QB","GALE","STMN1","PPP1R8","SNHG12","EPB41","KPNA6","CAP1","SLC2A1.AS1","EIF2B3","TM2D1","PDE4B","SEP15","GBP2","MTF2","PRPF38B","GSTM3","LAMTOR5.AS1","LAMTOR5","BCAS2","CSDE1","BCL9","YY1AP1","GON4L","LMNA","CD1D","PYHIN1","DUSP23","SLAMF7","B4GALT3","FCGR3B","MPC2","TBX19","KIFAP3","METTL13","ARPC5","EPRS","TSNAX","TARBP1","GPR137B","ZNF669","ADI1","ITGB1BP1","PPM1G","SLC4A1AP","COX7A2L","CALM2","ACYP2","CCDC88A","PNPT1","REL","CCT4","MDH1","ZNF638","LINC00152","PDCL3","MIR4435.1HG","AC104653.1","PTPN4","EPC2","ARL5A","CYTIP","PPIG","ATF2","HNRNPA3","NUP35","PGAP1","CASP8","METTL21A","IDH1","AAMP","CNPPD1","STK16","TUBA4A","SP140","SP100","HACL1","RFTN1","UBE2E1","TCAIM","RPL29","RPL24","IFT57","CD96"
"1",0.707568873638928,35.0803128081572,3.59080429550883,0,0,0,0,3.48191000121762,0.396231590077482,10.30525651255,1.92240070009236,0,0,0,0,1.54005466582155,0,2.66067316907968,3.68904526079003,0,0,5.67882844919572,0,0,0.45149099296191,0,1.31447043413821,0,0.0186215381370418,0,0,0,0,2.45276845090369,0.344929428068885,0,3.44422492143497,0.635514580950652,0,1.46102331848034,0,0,0.701668858506927,0,9.07656084712557,0,0,0,1.28087348969479,1.7496436855008,0.336765598995824,0,0,0,0,2.40387280302064,0,0.395819049522187,1.53907847039541,0,0,0,0,0,3.60384317760801,4.83391836760096,0,0,3.09821856833399,5.17541920941374,0,0,6.77728308788575,0,6.30803943132071,0,0.706922797169416,0,0,0,0,0.685276134759425,0.319883042332671,5.43435807609081,0.71166885396133,3.00818010259671,1.84029776830182,1.20471760334291,0,0,0,2.76762487257621,0.0333219848175646,0,124.600793144269,125.542399012661,0,0,17.2448052318277,2.97674592088103,0,0,0,0,1.98661081274916,0,5.32106513629862,0,0,0.506871000313317,4.33080574468937,0,0,0.265175559638819,0,0,0,5.44787394524334,0,0,0,0.8196606693879,0,2.10010691168039,3.41037708014125,0,0.891204157151423,0,0,0,0,2.19745688986295,2.81655474015834,13.1592613223986,0.143479406936588,0.135336002157281,2.89198345120924,4.54329764334389,0,0.564347664020963,0,0,4.071813137654,1.15254916942118,4.74459379607079,0,3.52962823897991,0,0,3.47189919956155,3.91640024345473,0,1.36114885320286,0.0697457685144021,0,2.43982051353435,0,0,0,0,0,14.5584662601847,0.878770225555392,0,0,0,0,1.72885370036615,0,1.81589217157843,0,0,0,0,0,0,0,8.06275323594343,0,0.912845142474379,0,0,0,4.05179840741549,0.262507532397683,0,0,0,1.27082972438603,0,1.19373572904854,0,0,0,0,0,2.05347175831896,0,0.908413639693344,9.91463164589129,0.0679799910287382,0,0,9.99647433205199,2.35670038073274,4.6814834329515,2.03341807494011,0,0,0.945574293912793,0.579424100131292,0,0,0,0,3.34128946612977,0.915970872768716,0.858028541576814,0.790752813714712,1.84444782353956,2.35440617056848,0.836933906785344,0.904190303885562,1.29611380240914,2.89589108100025,0,0,2.0016675091405,0,0,0,0,0,4.30208919838597,0,0,0.939210123311896,4.54749158680409,0,0.827385932526552,0,0,0,0,0,0.0221825134113981,0.75977618269826,0,0.490170894191553,0,0,1.16829189740419,0,0,0,0,0,0.714565542972612,0,0,0.347608048647566,0,1.75203900120786,0,0.507027012701618,0.545428957264246,0.528172273151348,4.76769740800057,2.22923835663931,0,0,3.57839415650121,0,0,0,0,1.0690238363527,8.03813808432698,0,0,0,1.5156640682041,0.482874081762986,0,0.187731624124756,0,0.530349933206097,0.446893313939303,0,5.43779118923372,0.81770960291169,0,0,0,0.534549879084532,0.780817633170203,0,2.96586895443671,0.352856208126276,1.12066520262359,0,0,1.831659395026,0,1.40169252099699,4.82210337785166,0.204380510448629,6.4110099533926,0,0,0,0,0,2.39337434715373,0,7.50498077538945,0,0,0,0,0.162989032172482,1.53354885897409,0,0,0,0,6.30757535596496,0.507624696519848,2.57860533332855,2.60465395178321,0,0.197220336643082,0,1.83826972536513,1.59427555018976,0,3.67950683480639
"2",1.32506860490157,1.79132643409399,4.00763729671212,2.12019065651314,0,0,0,0,0,0,0,2.78656451169122,0.0231322841357543,0.224764512215954,0,2.26787767365047,0,0,0,0,0,0,0,6.745869463989,0,0,6.26041791394031,0,0,0,0,5.58624442728485,0,5.10123885855929,0,0,0,1.90774760235967,0,0,0,0,12.9222072531368,0,5.71372362911651,0,1.7573342417372,0,0,1.84659521014981,0,0.655302156636526,0,0,2.85417048728682,0,0,0,5.63093862101352,0,0,0,4.47624133228433,0,5.37315767207142,0,8.45439978460489,0,0,3.44189010799411,0,16.991101206731,5.06083110897657,0,1.8149473899318,0,0,0,0,0,0,0,0,2.96952368556654,0.0556194825798933,0,1.73995377257894,0,0,0,0,3.97952790990768,0,0,0,0,7.54344327111627,0,0,1.57097281268358,77.7277129890542,0,0,0,6.7953674058783,0,0,0,7.46318952062969,1.11276604737395,2.09228031908465,0,0.967086120389525,2.92622387919327,0,0,0,0,0,9.37410351187869,0,0,8.02890267985988,29.5200615927146,2.10451780706597,0.0736268585509042,2.52584521941457,39.3961207438146,0,0,2.29494820961995,2.95978857560743,3.14675224936534,0,27.1353361367636,0.347702138866681,0,28.1994856037723,3.19058274283096,2.37173913452627,0,0,24.2080655425765,1.13600039432672,0,0,0,0,0,2.91242636732399,0,0,0,7.02067739700467,9.11824184509208,5.90289346840457,0,0,9.7214335924328,0,0,0,0,0,0,0,0,0,24.0720106383012,0,0,3.91835644752153,0,0,0,0,12.643682743209,23.7647804031085,0,0,0,0,0,2.79049715096227,5.93429039372662,0,0,0,30.2939101021608,80.3021371004274,95.5009607335645,8.4856603928755,0,84.4582572921801,0,3.05855695731367,1.32283964598076,5.55046197263608,3.36670981250724,0,0,6.07094995535451,3.18745263342541,1.01356567464011,7.44749017214521,8.11181789909274,13.2037215804692,0,0,0,1.32054163640825,0,0,9.16089073003392,4.32035666315336,0,0,0,0,0,0.0528462355886687,0,6.65365109907495,1.75614562628337,1.76389146770604,2.93251506567238,0,0,0,0,0,0,0,6.20297673764303,0,0,12.2329197788937,0,0,9.24238099687899,2.03290344008349,0,0,0,0,2.73918113858676,2.57594985408756,0,0,2.34128819618941,0.626513920379857,7.68641647355208,0,0,6.52804089252966,0,3.26674959782603,4.97764440215177,0,3.0970809103148,3.96602421303432,0,0,0,0,6.31036812099707,0.211833118406642,0,8.46916980396072,0,0,3.93972029091059,52.060056109165,6.89172892563478,0,0,1.10975342000238,6.85952531318212,0,0,0.375287430483968,0,0,0,10.6094885078596,0,5.89645151125597,0.892392143719957,0.580406238859742,1.60155338603574,1.31745080222217,7.42424992788896,0,16.038621800811,1.92942955398947,0,0,0,1.1780902622416,17.5763724822647,0,0,2.41071140637732,7.7173224508146,63.3278551559593,9.61867542961352,4.0303984166403,0,0,0,0,0,11.3032634975051,0,17.0543303918273,17.0258189641983,0,26.4048489571927,6.06104027065555,12.0478731129622,10.7521712670333,0,0,2.10096585828041,0,1.78964220595014,6.60177878221452,0,0,15.1979527950053,0,0,1.30014552933586,0,4.33391274315524,0,5.54772721932348
"3",3.64187262796416,0,0,0,0,0,12.8498798092169,0.598996909551652,0,0,9.01585177779498,0,40.5710291425353,0,0,5.50297073308459,0,61.2991627006998,4.49128301121755,0,6.26787991694354,11.0688966461809,28.3119935773821,1.50740791106589,0,38.38950526367,0,3.71017854741193,5.26624617717341,0,0,1.56866650911816,6.83575003576993,11.2049099623689,15.9451691061805,0,0.149177684054572,50.8471034338046,0,5.26947976584801,2.6026728169353,0,45.5772821501377,0,1.04310706889547,0,0,0,7.0063669393103,10.5508334806676,0,0,0,6.01793527818695,4.49142685958782,0,0,0.660919016095461,0.390494776340995,2.0574999505432,0.705164936461699,0,0,0,3.77564849896874,18.7327503341728,0,0,4.64232009728564,0,0,9.28626998650878,0.380440796024491,29.9551550114816,0,0,73.4911086262566,62.4630820583434,76.6539135834358,47.4310439442922,74.9731686741391,70.2916394978578,73.858545415697,7.76931931535519,3.60226730644449,0,33.5970185955722,68.9020566190969,0,0,0,3.91485698723538,0,9.91318965385783,0,0,0,0,0,0.222522458281803,0,0.175221002591914,21.5010910458879,0.581686581710399,0,0,0,0,0,7.1452585952189,2.5989225561964,0,0,0,0,0,6.13479837907237,3.92572189400587,0,0,0,1.88082055048675,16.2840006045983,3.22183422166183,2.74558434295348,0,1.1130067946734,0,0,0,0,5.81822611954264,0,0,0,1.95540597872414,8.17843348101969,1.23220396836168,0,0,13.9650557064669,47.2998548163529,4.30833672001796,1.86587373757474,0,1.38079033590842,5.77712595094312,0,0,1.47141295695972,0.824913811788567,23.0452812335199,0,0,0,0.728703624721405,0,0,28.8212596682173,54.5297116819747,2.4201498045137,0,0,0,1.86962255639867,0,0,0,1.42821608192548,5.40200631970881,6.41654411920976,0.470201920738445,47.0970400631578,31.8790678394698,0,0,0,2.68170524392979,0,0,44.5011950501152,1.87674985722439,0,1.34227005480096,13.956566613623,0,0,0,0.511672892534505,0.56614917172591,0,0,0,0,0,2.8034159397194,35.2673398434258,3.03754114480309,2.75754544867773,0,1.87820662388415,3.44772377372915,0,0,0.0339460003467572,0,5.06343341235144,0,1.36148169737005,0,0.820039757812218,0,0,4.20223912455896,0.441495532691599,3.35694198936416,5.91932106934149,6.93881049436972,0,0,7.70312610598126,0,3.61217839449785,4.54776830413136,0.225762691279147,0.77165276712333,0.484519922299006,0,0,0,40.1851275061792,0,16.8358405718846,0,0,0.937857101746906,9.87370112372517,0,0,9.77966772750155,2.44517931204968,14.2844080717928,0,2.61098826024594,0,0,0,0,0,0,2.83865603759834,18.5753497340513,16.5650282106846,0,0.867496592123846,0,0,0,0,0,20.6754773276029,0,0,0.985740221357981,0.733512154370262,4.22073333511206,0,0,0.833996229697875,2.21512023905459,0,14.9956366589709,1.21539361907073,2.10444916954377,0,1.1151751881834,0,47.1726444677813,0,0,4.960826732277,0.583236616306408,0,0,0.330972748571811,0,0,0,37.8147052003713,0,0,0,0,1.57453581063096,0.513991708186021,5.49013165722695,0.741112457265559,1.93185660373006,4.89216805808377,7.24294894009505,0,14.7685466806938,0,0,3.05119835489239,0.949353738806803,0.720335423056257,6.90027188503303,0,1.46277744491819,1.23267960447013,0,4.70988094370934,0,7.2209877410144,4.69295973326026,0.958022523140989,4.78539702406633,0,0,1.90689445020575,0,0,3.23949973655852,0,1.63010599595786,0,0,3.9737540940261,0,0,11.1548281786502,0,11.2554402285876,10.5367155500881,0,0
"4",0,0,0,1.66047063465011,0.816065315534894,0,0,0,0,0,0.152403519883669,6.73173041536615,0,0,0,0,0,0.0369475548558977,0,0,0,0,1.44031015811139,0,0,0.0109010365540286,0,0,1.40155823729372,0,0.500045421470958,0,0,0,0.67253917661566,0,0,0.442596922758772,0,0,3.21958134001799,0,0,0,0,0,0,0,0,0,6.95430784462846,0,0,0.784010643897417,0,0,0,0,0.976042153676647,0,0.941064145258321,0.272420689133687,0,0,0.368164018092587,0.140754880967731,0,0,0,0.329519572026405,0,0.629899491541156,0,0.225132688242402,0,0,0.0425822859115522,1.00529714959063,0,0,0,0.421329622429613,0,0,0.616312605494276,1.04903293377737,0,0,0,0,0,0,0,0,0,0,0,0,0,0,0,0,0,0.749403807286526,1.22996272187259,0,0.409034048549004,0,0,0,0,40.3993898721755,1.82720927071597,0,0,0,0.159266557068798,0,0,0,21.1952189052557,0.336093686111494,0,0.664062509202883,0,0,0,0,0,0.662339451262646,6.72249374318824,0.904270205439407,0,0,0,0,0,0.559737765763996,0.889146662436033,0,0.473791751722003,0,0,0,1.12713594554508,0,0,1.3279379507547,0,0,0,0,0,0,0.00503082957124569,1.07986475286249,0,1.52955446684811,0,0.67466969201309,0.0563696808243959,0,0,0,0,48.044468762795,0,0.235236849173951,1.85853780878182,0,0,0.810222546213855,0,0.126839692755526,0,27.7946956427721,0,0.50681891197008,0,1.18579271167963,0,0,0,0,0.0426057584184514,0,0,0,0.217117034288896,0,0,0,0,0,0,0,0,0,0,1.80756552805155,0,0.768794710728943,0,0.478405444926393,2.31260491903382,0,0,0,0,0,0,0,0,0,0.636823485972702,0,0,0.559990398242482,0,0,0.407499492690933,0.463799070911681,61.7643317326598,0.0764998605967092,0.373362301715535,0,0.543326571321504,0,0,0,0,0,0,0.207615741908284,0,0,0,0.3505595094543,0,2.67030949037189,0,0.496922203929929,0,0,1.13473518594059,0.594361311938292,0.772299994540729,0,0,1.52756512254009,0,0,0,0,0,0.107971894073988,4.05997350946747,0,10.7790397855248,0,0,150.97139926899,0,0,0,0.0355403347318056,0,0,2.00008181383393,0,147.230807539683,0,0,60.1158298194292,0,141.452175293541,3.31666767966935,0.146215509199557,0.855513779039868,0,0,0,0.0405792877705432,0.37799213990432,0,0,0.608016024009995,0.933081241088533,1.76360879345301,0,0,0,0,0,0,0,0,0.0864602591224945,1.39484945248689,0.296779120561895,10.2206826192792,0,0,0,0.231845304829323,2.78255614918147,1.26195627658944,0,1.68273180384136,0,0,0,0,0.313156515535653,0,2.75933672123754,136.080888411158,2.76170673908995,0,0,0.0982467949845821,0,0,0.218701978173211,0,0,0,0,0,0.579150151445379,0,0,0,0.166363141745647,0,2.87440801971195,0.199621885232675
"5",0.263613203761215,0,0,0,0,114.496205606811,0,0,0,0,0.148848010895621,4.40855957223029,0,0,0,2.04855185436866,1.20018455382426,0.706283947849105,0.229035671116303,0,0,0,0.446768493884875,0.234432526206578,0.00570580133914346,0,0,0,0,0,0,0.374777000009224,0,0,0,0,0,1.45321311367119,0,0,0,0,0,0,0,0,0.173165469783574,0,0,0,0,0.237284536985344,0,0,0,0,0,0.695379779939627,0.115261840395035,0,0,0,0,0,0.521527218976361,0,0,0,2.09212670814224,0,0,1.26236931743488,0,0,0,4.68110646140573,0,0.835511263788259,0,0,0,0.806388256327497,0,0,0.954612702822888,0,0,0,0,0,0,0,0,0,0,0,0,0,0,0.587275185097296,0,0,77.0380358514719,1.20274062455437,0,0,0,0,0,0.0434599741294164,0,30.5909481986933,10.4915005792951,0,0.010722432249468,0,0,0.599824449818219,0.45187808232632,0.217861856017238,14.3327574393464,0,0,0,0,0,1.47937403653542,0,0,0.836530426910918,0,0,0,0,0,0.000505126909258202,0,0,0,0,0,0,0.824307185051611,0.221339405376954,1.06611337674017,0,0.277739127609507,7.82181936250769,0,0,0,0,0,0,0,0,0,0,0,0,0,0,0,0,1.36253545193126,0,0,0,0,0,22.8898899786739,1.21289215740193,0,0,0,42.4941855903302,0,0.298447189992451,0,0.515259074955615,0,0,0,1.0413110358415,0,0,0,0,0.0710547480334054,0,0,0,57.0677777526699,0,0,0,0.208575690725186,0.226524280084155,0,0,0,0,0,0,0,0.140861997907945,0,0,0.200391875952985,0,0,0,0,1.95384490219122,2.56242758033405,0,0.656960965450049,0,0,0,0,0,3.02266542345953,0.263312937028015,1.01309266984022,0,0,0,0.194663373309505,0,12.2049696030148,33.2201488293401,0,0,0.0907763270958658,0,0.197783801586168,0,0,0,0,0,0,0,0,0,0,0,102.190194704048,0,0,0,0,0,0,0,0,0,1.37103004489396,111.622520415027,0.159260460131326,0,0,0,0,0,0,0,0,0,0,0,0,0,0,0,1.56711076242294,0,0,0,0,0,0,0,0.455525620631233,0,0.629889931241766,0,2.67955571777175,0,1.8057279769607,0,0,0.639364460137492,0,0,0.0585907151738911,0,0,0,0,0,0.8352951868672,0,0,0.342223176805097,0.0718257648330529,0,0,0,0,0,0,0,0.383905503320599,0.298268495967074,0,0.608586966029986,0,0.400830195989468,2.62961717342381,0,0,0,0,0,0,0,0,0,0.0683660735035721,0,0,0.287105778185909,0.349609072962423,0,0
"6",0.746299999954276,1.74407139413395,9.98910962232696,1.28716587818784,1.04749674536354,0,0,0.793212903560235,0,0,6.97026832860884,0,0,0,0,12.7917693539015,0,14.4242076585493,0,0,1.36979092205937,2.96091043913843,13.4075662228739,6.38419322370851,7.79070823862319,70.6278309416884,0,0,0,0,0,0.776366330503533,0,5.77337084548192,5.06313897610448,0,46.178907882175,16.8140364807385,0,8.03713274398982,1.13817844619494,0,0,0,0.274492674109346,0,0,9.97763078207528,5.33195815327087,2.0398631235845,0.162490738467973,5.00303559251562,0,0,0,0,15.11937601746,0,3.66818580146355,0,0,0,0,0,3.05781456069527,31.3890183148322,0,0,26.6679181983244,0,0,0,1.1262328407859,0,9.99812882929654,0,20.3926210075695,13.8685706790171,0,0,0,9.62558488513652,0,0,4.89447352767524,0,0,0,0,0,0,0,0,0,0,0,0,0,0,10.603615648609,0,0,2.86417672301859,0,16.402289560284,0,8.90271321338863,0,2.17485047472238,2.80093800803323,1.38365917962285,0,7.79052331107004,0,32.5927147992626,0,2.66163166369619,0,0,0,0,7.30732113697957,0,9.43364513000929,0.26582175624511,0.55971407643304,2.56204585164245,0,0,0,0,7.96054865425142,0,29.2649629469568,0.861207887593884,7.15715096797429,4.31607861252598,1.5656922347655,0,0.363375632187537,37.6190825253163,0,4.24941691240875,0,1.70672958252603,0,6.89248454354356,2.13942996799541,1.63595911308067,0,0,4.18511887265764,0,0,0,0.350384408798102,0,1.08079098182039,3.06114124670711,7.83424038579468,0,0,0,0,0,0,0,0.791983485484724,0.649864345299998,5.88525249476614,13.0969100955239,0,11.5060001745466,0.15475862255613,0,0,0,0,0,3.04341927145927,27.8120236080431,0,0,0,12.9871096607175,44.4561718720114,0,0,0,1.47948499120599,0,0,0,0,0,5.56660049233792,10.8610810170887,0,0,0,0,1.23958635687774,0,0.267428379533418,0.0634006211948981,1.95489540650045,0.810966029037268,58.453615404619,13.5829363555631,0,0,0,0,0,5.69805879374184,0,1.50677644012902,6.08241263472336,0,0,9.31860916558631,3.43022849474282,0,5.51748295745561,0.587901229175973,0,0,0,4.47588883104993,0,9.12089772661245,0,3.93408073897423,0.0655849654241806,0,16.1075256915874,0,0,14.565469791432,0.497990860707015,7.60036334913839,0,0,0,0,0,9.5639492434159,0,0,0,2.97198797462868,6.22531117490473,2.61084211741899,0,0,0,9.77710832558998,0,0,0,0.104260583801137,0,0,22.8443350261255,0.863521848757391,2.17259518833485,0,5.20422866036441,3.69866739563466,0,0,6.69968278760602,0,0.784684525497689,0.552553322006637,1.22469706163645,0,8.39784429905592,3.25203392430461,0,0,6.74153992308656,0,0,0,0,0,0,9.51799302878148,0,0,0,93.575715369357,0.421615433352503,4.03598789657699,11.760321705143,6.83594221701703,0,2.67302712979203,2.30218705841878,0,32.663459256177,0.822010570654577,12.9246809707526,1.79480819058646,0,2.99342234461487,8.36494377270039,0,0,0,0,0,0,9.68115665729864,5.51979400981142,0,2.86212588176303,0,0,0,0,0,1.59837879618095,0,0,0,0,0,0,1.66933709464162,12.8964140891374,0,7.85053242329567,5.09563665701452,0,0
"7",0.216976900061203,0,0,0,0,8.9834692574931,0,0,0,0,2.30900501726025,0,0,0,0.0416524562230832,7.38958245750149,0,0,7.50225296829307,0,86.6542107604469,0,0,0,0,0,0,0,0,0,0,0,0,33.5590840337474,0,0,0,0,0,0,0,9.27207592449814,0,0,18.9822647208796,0.756082361045496,76.4652850107093,0,1.76607965746069,0,0,0,0,0,0,4.57975029146434,0,0,0.528703895024636,0,0,0,0,0,0,0,0,0,8.74301253642555,0,0,0,12.9145656318072,0,0,71.4261990530201,0,0,0,0,0,0,0,29.2668831608752,0,0,0,0,0,0,0,13.8633576115869,0,52.3021284994417,0,0,1.03720193663188,0,0,30.6716153088252,0,0,17.8315301716161,0,0,0,0,0,0,4.92579599761609,0.695664863959743,26.6029184006153,6.46098450543015,1.00961479627093,0,0,0,0,0,0,56.3083038207206,0,0,6.46085683576846,0.560976544704205,0,0,0,28.4870374137389,0,8.15375359844236,0.961073500767795,0,0,0,0,7.35288611191217,0,0,0,0,0,0,0,0,0,0,6.08623034051478,0,0,14.3170712413615,0,0,0,0.0851039967658141,0.0263744972963286,0,13.0055255836817,0,0,0,0,0,0,0,111.596311203735,0,0,0,0,0,0,0,0,0,69.0248172963922,0,0,0,0,0,0,0,0,0,0,0,0,0,10.1500825393206,0,0,94.6219295465038,0,0,0,0,0,25.9669601393018,0,0,0,0,0,0,0,0,0,2.24271262281457,0,0,0,0,0,0,0,26.9278694933506,0.0380192313238497,0,0,0,0,6.40512427734605,0,0,0,1.93404601660016,0,0,0,20.147353335514,0,0,0.026650512742914,0.486128210195615,0.711190371643609,6.99732717909318,0,0,0,0,0,0.543129239231328,0,0,0,0,56.833606119649,0,0,16.3522820405396,0,0,0,0,0,0,0,0,0,0,0,0,0,0,0,0,0,0.0318808244463716,0,0,7.98547353510096,0,0,0,0,0,0,0,0,0,0,31.5375889285501,0,31.7986927642127,0,0,0,0,0,43.3817164613125,0,0,0,0.113174583803001,0,0,0.85724376636138,8.15854124575002,0,0,0,0,14.2509377895351,0,0,0,0,12.8079816823877,0,22.7480066088654,12.1070206370143,0,0,0,0,0,0,0.292908461454606,0,0,0,0,3.56544530800873,0,22.8365937361779,0,0,0,0,0,0,0,0,0,0,0
"8",0,0,0,0,0,46.185829547647,0,2.58726872856968,0,0,0.475396428043172,4.38413869335452,0,0,0,1.51891970301295,0,0,0,0,0,0,14.02735661937,0.568727412672423,0,0,0,0.191259827763605,0,0,1.34180923313154,0.829709697618535,4.00128627676838,0,0,0,0,0,0,0.273035497978213,0,0,0,0,0,1.38402549097122,0,0,2.24847937912065,0,8.96832569677315,0,0,0,0.15534724856398,0.774807718679757,0,0,0,3.34640691617517,2.96579107285365,0,0.124062086101384,0,0,0,0,0,0,0,5.80818107557476,0,3.56787939831354,0,0,84.4897425507648,0,0,0,0,0,0,0,1.37096425947766,0,0,0.341208066719308,0,0,0,0,0,0.598309617094383,0.570555203431769,0,0,0,0,0,36.5684588317251,0,0,0,0,0,0,0,0,0,2.21146014529011,0,35.1780547642506,0,0,0,0,7.32224666241735,0,0,0,6.07112442940061,0,0.0523698507136994,0.130017887776138,0,0,0,0,0,0,65.9619131021033,0,0,0,0,0,0,1.63860894231593,0,3.25990637293923,0.215991118353157,0,0,0,0,0,0,0.527215271868314,2.41407173664667,0,0,0,0,0.139331685487905,0,1.31986774783759,0,0.0303554930470388,0,0,1.33567023644408,0,0,0,0,0,10.1716673551212,0,0,0,4.45426155604108,0,0,0,0,15.2514015619115,0,0,111.486766800862,0,0,0,0,0.738170929861738,0.0590897271631417,0,0,0,0,0,0,1.2351355240586,0,1.45703351271997,0,0,0,0,0,1.94260557202347,0.433684601293308,0.759670284944502,0.185744457554997,0,0,0.79957507797828,0,0,0,0,0,0,122.87823313071,0,0,0,0,0,0,0,3.21420140334584,0,8.47373430012314,0,0,0,0,0,0.622012725044994,0,4.67831911700865,10.0877253055723,0,0.436881751129318,0,0,31.9412220473519,0.827808206921041,0,0.904777420582459,0.426518204785007,0,0,107.574232593092,1.06813803397918,1.82712020574977,0,0,0,0,1.13515781374996,0,0,0,0,0,0,0,12.931984538431,0,0,0,1.05761621272807,0,0,0.595976117536694,0,0,0,0,0,0,0,1.64959802256723,0,0,1.40321426358913,0,0,0,0,0,0,0,0,0,0,0,2.87418849880476,0,0,0.854883298008765,0,0,0,0.140303583854699,0,0,4.54602942771988,0,13.8009455447669,0,0.369192489992756,0,0,0,1.55613873014007,0,0,0,0,4.08934353737649,0.167757757413175,0,1.42888701494044,0,0,0.845102126648339,0,0,0.780585054234375,0,0,0.694509116095352,0,9.5197655951112,0,1.34983343167563,0,2.0189358593214,1.28601329695376,0,0,0,0.917810924389092,0,0
"9",4.48066722942639,0,0,0,0,0,0,2.86758879710592,0,0,4.52023007965873,0.939289151033082,0,0,0,4.51772969752207,0,7.86110810634794,0,0,2.62573023743365,6.82333806195862,19.4516011015067,12.6608549676954,0,0,0,0,6.08297648401985,0,5.94464374677477,0.319994768147965,3.86591509464515,13.0623925000039,4.40561344065941,0,1.40995630454905,20.5034752760169,0,4.88585639411178,4.08966356687182,2.72825055348408,14.3492754329471,0,1.46305391517631,0,0,2.24063286251721,18.0366367158239,0,0,0,0,1.50048350289085,59.7439399034491,56.8737670856537,0,0,1.44232412521404,0.841470497966737,0,0,0,0,13.4414327911119,10.5982695040259,0.753745048854449,0,11.3733977973599,0,0,2.95338516640083,7.96503394102668,52.3959109899131,0,0,3.89752263025793,37.5982457331221,0,0,0,20.5784296951249,18.527112379982,11.5538429877883,3.18327389909913,0,16.4414077238154,38.6010588908337,0,101.526544595756,0,4.45029196156166,0,0,0,0,0,0,0,2.42646839793772,0.897050914955153,0,26.7521374923522,0,5.74475590675728,0,0,13.5175761650905,1.97503726087583,12.539193239915,0,0,0,0,0,0,0,2.89385508933465,0,0,0,2.51122137927429,1.62969634827262,2.51450948868026,0,5.29470045689935,4.8247310283663,0,0,0,0,4.07476993190939,0,2.21015797333712,0,0,8.09323351622303,3.89763102839145,0,0,0,0,5.29981381144988,1.53775726543437,0,2.31266711069976,3.26291295479183,0,0,9.89565188301106,2.68089144437698,22.9324187827897,0,0,0,4.86409529946221,0,0,19.5258307535948,0,28.8101864763929,0,0,0,0,0,0,0.332310760922857,1.67175653603034,1.2182867920596,0,0.453950579209535,7.41170462581091,0.0869890872507666,0,0,0,1.12211048754563,0,0,24.7953092955251,18.9519462707116,0,0,9.21637711292685,0,0,0,2.89694036176409,0,0,0,0,0,0,1.98039771707755,22.657443219068,1.75549128264091,0.417605844242641,0,0,0,0,0,0,2.86385287412212,0,0,4.94301902961658,0,1.54422588200866,0,0,4.03529442819993,0,6.84650576318363,2.74469425161985,3.39805417389514,0,0,6.94473319013176,0,0.621302868799517,3.37513527936288,1.95489692891158,1.03304752748039,1.16308936830224,0,0,0,0,2.48792070993165,10.1144652257036,0.944229276748127,0,0.9981693476889,0.146669651350478,0.177348619867572,0,6.01679796469114,0,0,0,0,0,0,3.74471703099543,0.160448858824445,0,0,0.721276208441014,8.87160939790958,10.4214150349468,33.7080850635108,0,0,0.948434203059249,0,0,0,14.2407115822578,0,0,0.0800292182722998,2.1981438493422,2.88704585165241,39.6427711113792,2.0866731110263,0.154774414786705,0,0,6.99857174984765,1.56261748392622,2.34922321251395,0,0.120017789346061,1.10089462263435,0,0,0,3.79121129585431,44.8990822705719,0,43.4503729539571,1.7973052804323,1.13664448062044,0,0.180390890435609,24.1807765409807,0,0.0555063192241811,0,0,0,2.31992191876995,1.81448630433448,1.99126161740319,1.60496210870938,3.1910492985663,12.2177750594375,0,0,0,1.62090793794814,2.88655085929382,3.90592810240738,3.67870594584065,0,0,0,0,0,0,2.01674216066804,13.4147837241082,6.2502460649578,0.29736699158,3.06572461961014,1.4063330083877,0,3.76789070599361,0,0,3.16733347431477,7.24375794771557,0.940556184610285,0,0,2.97377441567928,0,0,13.5037103993556,0.204642581100158,5.01494274935078,4.13934351885021,1.87629636596988,0
"10",0,0,0,1.6544638427973,0,0,0,21.4979424639526,0,0,9.71182297755489,0,1.87034816960164,0,0,0,0,15.4242389822466,33.5428744284321,45.4108481497095,0,10.5452238533673,4.25470325747157,20.7753439341298,0,0,7.82296857490033,0.885802876709383,1.59565399520465,8.13706149298796,1.46271019340799,0,7.36209506332631,6.66628687457988,2.29525678593539,0,0,3.46727603248545,0.174252951742416,6.97371606186916,6.86078102492921,0,0,0.195945318677521,10.3922172850911,0,0,1.92623220927968,25.5508742182638,4.57319825457796,0,0,0,0,0,1.86539502208402,0,2.40328268262336,5.33278361980093,0,0,12.2291336077406,1.71356648328291,0,1.79878036423264,0,8.20822588755416,11.8151339906314,8.69233568704114,51.9225371364323,1.08485470713036,0,7.08441331215306,0,0,0,2.44572138893308,0.64140945668023,0,0,0,6.15045787384269,0,10.1927405856643,11.8900700924526,27.3752062228344,5.43705995572576,0,0,0,0,5.04996844931833,0,0,0.922374425415519,0,0,0,4.7544398111054,9.20192312183295,0,0,0,14.0893570471214,6.41653933213835,0,9.88987123730728,6.71358614047334,2.8748175801304,40.3780537266423,0.174736857342659,0,5.87048952770852,0,0,2.14960599458916,0,8.20382129953106,0,6.28901818273268,0,0,3.43567844824173,0.207275725203659,1.37702192139531,0.627119547840974,8.84412678872283,0,0,0,0.720839092124489,12.3259010046723,1.30386112058983,10.1787964971986,0,0,25.7522428222015,10.0628209290924,0,9.83038958865745,4.27732069304492,0,13.2462719918709,0,18.2953248346734,4.28142477132599,14.5970711973839,7.00329445932538,0.73260034804518,21.5889638228216,0,0,4.78657386323096,1.92224593633983,0,7.74848605030491,0,0,5.44394530797741,0,2.33424295457973,0,84.8497145330892,73.4271554158,0,0,0,38.8409624860126,4.22224735372623,13.2257653755617,0,3.3684934585004,0,0,0,0,0.641871145262547,0,1.70755091702237,27.142655000566,0,0,0,0,0,0,0,0,4.37577134298758,0,0,0,0,0,0,1.53596403078343,16.1257746901649,15.9343969847775,3.24169852527337,0,1.88632291602778,2.69584117496058,0,8.7061364916337,1.96078206849543,18.6141641910167,4.43994225809452,0,0,0,3.71826800757164,0,0,0.469166865429958,2.38400485796459,2.73939307852248,0.151573156499187,11.73681471436,0.595756750300135,0,14.9095558917489,7.14084238398424,0,16.9616952763558,7.00311603762941,0,0.0794103874709213,3.24212867587869,3.75685787610897,39.8866450628455,0,1.45565701565227,1.7668666612602,0,0,0,3.25505445412518,0,4.19620248751472,5.79506319739313,7.80177358838799,0,0,0,0,5.67065480931543,0,0,0,0,4.39371337616368,4.45285222931393,0,0,0,0,9.59012528036573,0,0.0573161844370829,0.00806871745756353,16.7157423864083,0,2.38878798929867,3.1897068439752,21.46546158277,13.2842869403019,0,5.12302027062891,5.55815672045379,9.68713465989639,0,6.54488825097666,0.303377412028002,2.77828827712779,2.77490555752447,1.52035241618428,0.192212140198495,0,0,0.90146695867047,0,0,0,0,8.03189066573977,9.77382421288774,5.52662455977433,5.26228891161299,3.40418292885578,6.61888551804447,2.56733865103638,0,4.29027694454065,7.2719874837453,1.57954130092204,6.30637271551418,2.79732048419861,1.07083450182498,4.97605448943627,16.1722116342418,0,0,2.87420269565565,0,4.32662076227824,8.00963315838314,11.3069789964306,14.1640854110827,4.30910141449799,0,0,2.61663139375167,4.11990091798954,1.35631203743852,2.19852505170175,8.27430825660035,0,10.7469626874026,6.11701323331518,0,2.78452170129777,0,3.28618173938117,1.78095965259498,0,0,19.8187997519212,4.7918387146781,2.61559311836186,5.24897679623128,14.1364141090478,0,0,10.081116970592,11.921390141334,0,26.8120124299209
"11",0.184492727130633,2.58432471279405,7.38922232869129,10.9790538249442,0,0,0,11.5544073202403,13.6139006839321,68.7119219193737,16.1932948356005,0,0,0,0,3.55778485865072,0,4.90659187257709,0,0,5.80989904237733,5.91418507170946,36.5606971145582,0,13.7119399492764,0,5.44114663781171,0,40.950940593431,12.8739289062753,3.78773827700475,14.2140990908763,0,72.3536985015362,4.19977104852903,0,0,5.58308122258504,0,18.5442943272479,0,0,29.8661074312635,0,0,0,0,0,14.1682068431348,0,0,0,0,10.0426351659224,3.62762155053011,0,0,12.5502989904011,16.355389290955,1.15647181203885,0,0,0,0,0,0,10.787395078535,0,0.650848315312482,0,0,0,23.9339633744607,10.1492940476477,0,0,0,0,0,0,0,0,0,8.41974680842744,17.5475701863478,0,3.829957996247,0,0,0,0,10.9232224637438,0,0,0,0,0,0,0,9.17576401893564,0,48.0664456218046,0,0,0,0,0,36.4760318643004,7.46235631602687,0,0,0,8.33181278593326,0,0,34.9929280821318,0,14.3528046487776,18.5471218393208,0,0,23.3592886146531,5.21942085068583,0,0,10.9426652663313,12.7998170334133,0,0,0,6.9679726749348,20.9964080419141,0,0,4.28734155911428,5.96124728051486,7.0242461709247,5.16097947350072,0,20.4219442027891,0,0,7.35065609654055,0,0.570398827674729,8.9524063794694,19.6216480151023,0,0,0,0,0,41.4462871603099,17.244710587163,0,8.64921021480809,0,7.84413321563918,4.7497938326314,8.94553883128265,0,0,0,0,2.59326686535715,0,0,8.20589143863112,6.65980603309146,7.91494482715091,0,11.1954893149247,0,0,0,0,21.5070094433825,0,0,50.9390522003803,0,0,0,4.3287930115939,10.0699104984985,0,0,0,4.06481191443244,14.2096062772664,0,0,0,0,0,17.5226129900813,18.0678968902778,0,0,0.284389052510528,3.91275600990134,0,10.7859964693546,21.7437968317758,47.1199474716585,35.8055357519161,0,0,0,0,0,0,0,11.8188685623743,0,4.16834783367129,1.1925114324159,15.1170770151821,11.2301681500495,0,28.6625737187047,15.9890087758813,2.21408480985837,14.3614620652883,2.97522999984673,0,7.68240229265945,1.32771123438314,15.1514344202428,0,0,0,1.29417905614757,6.28048999024512,19.3395276610279,0,45.1819981183571,0,9.52122870455503,17.9716930692754,7.27514488636039,0,0,0,27.5370207054974,0,0,0,7.72393492261737,0,92.4113382247577,35.2430679077399,0,0,1.74035762721143,44.1281815390441,4.26029191662153,0,0,0,8.24542391981936,0,2.73938390019844,11.187912219414,20.8157945750808,25.5370638240614,9.64847074123764,36.0609540192052,3.85792270692238,5.84126479304997,0,36.0907347101649,0,13.7217509721919,6.36664921727897,0,0,5.29050439509361,0.792536016928159,0,9.35953610388679,0,21.1171622939219,0,1.73556080495002,0,0,11.9492526146369,12.2646533774063,11.1135434302041,6.80543096536359,0,0,0,0,35.6936848127107,21.9911885444703,4.6627037417628,25.7906260048327,28.7047342086031,0,0,0,39.1679709290894,4.65018318136574,18.8175832669305,4.40427193902483,1.80301702628005,18.8977587455785,0,0,0,0,26.0411647044061,13.3355949576422,8.81998995002187,1.18270529933151,22.4891005325655,0,20.576259758247,0,52.7347953577844,20.5984789206552,19.8685311529006,7.82997401893319,9.26114100387705,1.94431379516805,18.5707167636611,71.7694155469504,14.0536536708791,27.8784238025806,4.26536769026791,19.2943945408579,20.8638154587574,8.33887338278933,51.1301287899005,0
"12",0,0,0,0,0,0,0.292171707834259,0,0,0,1.05156863506389,0,0,0,5.58073901919487,41.5141980413215,0,0,0,0,0.277242965007829,0,4.61866795822686,2.49166202456189,0,0,1.04998224477833,0,0,0,0,3.6680708765048,0,0,0,0,0,0,0,0.175443992879159,8.60226448666073,0,0,0,0,0,3.97476541226962,6.42827210772902,4.78306738102835,66.8613536173623,13.4528081018875,0,69.4965411185422,27.8504191026988,0,1.77990265167469,0,0,0.993556476118208,0,9.49543428087505,1.88617505589772,2.99095141292184,0,4.37865515739773,0,2.62132779204159,0,4.56383450254233,0,8.9298749568223,27.1723843962811,0.959120368269483,0,0.194983865302193,0,0,0,0,0,0,0,0,0,9.9994442001259,0,0,0,67.0302929448387,0,0,2.6210402014102,0,0,0,0,0,1.31103533464817,0,0,34.6968788610063,0,0,0,0,0,44.5929983658742,43.2930576023198,0,2.75594200048884,4.13785340335991,0,9.13620518858471,0,0,0,0,9.34050875977935,0,4.89504341334229,0,0,0,4.85553035181091,0,0,0,0,0,0,0,2.96228192906043,0,29.183071843339,0,0.67872882804946,0,53.3497560707785,0,1.08381363562316,0,0,63.8399491147489,0,27.2255536848405,0,0.025401817473901,2.81327101015329,0,0,14.268662175373,0,1.69568677010385,5.02562765403111,0,7.16658404994346,0,0,15.592685777701,0,0,0,0,0,0,0,0,34.3736846903764,0,0,0,5.41971689304552,0,0,0,0,21.0948236895965,0,0,24.1059959852255,0,0,103.431371799723,5.85113059984732,18.6580625973154,0,0,0,0,0,8.91154507844524,90.9416078971922,0,0,53.546482043519,0,2.08212179089026,0,0,4.33042637174187,3.94850056440298,0,0,0,0,12.151065978285,0,0,0,0,0,1.13663394414153,0,15.6626223163783,0,1.65213670674797,4.10852976134138,0,0,41.7862648319522,1.80374881441856,0,0.619699778855045,0,1.9584698742844,3.93607843180384,0,0,0,0,0,2.11023737184766,0,0,0,8.08400722874639,13.3412901496136,0,0,18.607151073564,2.52029186020214,0.54684924991514,0,1.81762289597439,13.6055559234543,17.4146459528736,0,0,0,0.375567072627379,0,0,0,0,0,8.35634013024092,0.28039816330189,51.8920974802945,0,0,0,0,0,5.09880346757644,7.03451470095326,0,0,0.947297099595716,17.6780623013501,0.439412867249382,0,0,1.50353705732276,1.43135273943772,0,0,0.461745610993763,17.8785922289169,0,0,0,0,0,0,0,0,0,0,0,0,1.59555740819751,0,0,0,2.15530893007287,0,0,6.0895376278392,0,14.3173732613018,0,0,1.57448796103474,11.133286451345,6.3133747325481,0,0,1.20138199024811,7.01090413670028,0,0,0.758859111295383,1.10104485555875,1.75318383410995,21.3062947408119,4.80893915804698,5.48754715032263,0,0,0.668134391327162,3.01449023353126,0,0,0,0,0,15.880870265198,8.55048027437714,0,0,2.8226308605969,4.90337678031388,0,0,7.82266649573274,2.48041204039115,1.05903343452485
"13",1.9563950202202,0,11.6894624629744,8.21960475857578,7.29019614590214,0,0,10.580355171136,3.61537818647365,0,87.5850949679674,1.30614977997495,2.47791947451079,4.58857673011872,28.8784480752289,13.8095100577907,23.7477278699639,23.279440400343,37.8022045805187,0,5.71900707697524,21.9897435827641,17.2894457166133,6.41756709944636,0,0,9.258162876891,0,7.64317640488994,26.6238698985225,0,7.69047016060014,21.579408815539,12.7379417459282,5.33853147196283,0,2.83863493735808,4.02595258222896,0,83.596343814949,14.192001791419,0,2.69060254316514,6.3253777484281,4.38118622198854,0,0,5.15274127839126,25.7308537438996,6.91055650100836,0,7.86404930135326,0,1.37435760812316,9.23437193917652,4.34604710650117,0,3.68168569799691,76.1895435556845,0.144783168026043,5.51094475204447,11.0040383612905,16.0583344884107,0,9.61510445789501,9.82582070553844,4.49724408721709,9.79776392194025,0,30.1838396593215,0,12.998460025872,16.8961912486701,6.08999818983878,3.93920778617608,0,6.43271418906177,5.03194027769119,0,0,0,10.8439527919292,0,19.6578817133716,85.5310577199715,0,18.9195766816179,0,0,0,0,13.7903092496602,25.1637436182657,0,0,0,67.1387068571404,1.09441413810385,0,5.56028011964227,0,0,0,0,14.9392529415888,0,15.8181958758815,0,15.5163780901648,34.4816867452454,2.94774608549001,0,4.36324176176528,0,0,0.553502152727203,0,0,0,10.7654318309426,0,5.52834782180016,15.8603700521244,15.568121608467,5.27816191120529,8.544161900581,10.8401532967403,0,0,24.1457914406358,9.28407789444112,74.8257931258856,0.0630361075718937,0,0,1.7126792606008,24.4140737866093,7.39828337355973,32.8923613926039,17.3399565175941,0,0,10.0108636218264,9.05758720368934,46.145434722059,8.92122383754922,85.6639235891802,18.8359690085802,6.0222562097218,0,3.495660155875,0,0,11.8767054898204,1.09547601187521,17.530757298167,0,3.33037675106071,38.8097201349003,0,8.29758524926442,0,0,0,1.04131024126045,0,15.4452034612521,0,8.49966264760843,88.5766758798422,0,25.3980016056012,6.81256599179383,0,0,0,3.33300909769529,0,3.05155131229933,29.4190522343792,0,0,0,16.5247307435935,9.79275536144587,0,0,0,6.35541690887564,4.11103891062703,0,0,0,0,7.20160275346772,69.2815344633025,17.5564636590741,0,3.36266562295293,4.75133520930537,18.4912267944678,2.6535504696059,6.35724936698258,0,11.1704203058725,57.9326221655114,7.70690455159503,0,0,0,11.1497380919042,37.2059719883358,0,7.08077158264528,2.49844306140693,2.02901024587955,0,92.09022942581,6.68250821285089,19.2407140135393,77.3991688925087,83.2764639858976,0.534331909328827,80.4364933579954,20.4352669566794,12.5737631907363,0,0,0.14312451847612,0,0,0,0.690270578215355,10.7662077493565,0,3.34644902443677,0,20.0169114997496,4.81494251914395,5.00722557251544,8.07310429429978,0,0,0,9.76917245217743,44.4121218238559,0,3.37959329595175,5.31882926739748,24.1703791550222,1.09858160209561,32.8065659777181,0,0,0,8.18625508899747,5.90292105767612,0.550976583255564,10.9556482921447,1.41880498816156,19.8625104265041,0,11.2466098768882,8.85213938616277,2.85639332039682,24.9028230311076,41.6924474187655,2.89511989616646,7.96839940728029,5.10652185105974,0,11.7716892010167,12.8502517057088,32.8740347187081,0,0,4.77065597831002,0,0,2.81732349736606,3.2158147856797,0,4.58223964271372,0,10.3501078741557,0,8.40902427101323,8.73045227683366,13.4672209666548,13.4261428995612,10.2894823314061,25.4042154547286,0,0,20.9504618222302,0.883457159110138,10.9374315019941,10.3657788901028,24.1266773263566,31.1860142964593,6.4607533865935,0,16.7412137446553,0,9.97201525076508,25.735210756755,4.8459921584883,0,18.5929993556582,0,0,1.31746112166169,2.45959159523734,15.8110765483735,36.4868583209142,15.5236110117776,0.804225159052084,14.96186003801,8.02171596365005,2.09177699237552,16.8965714963325,0,0,9.46886280703307,1.55255608091915,3.63250217372648,3.24733839155526,12.4552952787413,9.94957510450341,0,0.302550890342917,6.63412579014644,1.60389907825606,77.2746290804053,72.4895782505029,0.593935376490723,11.1408129059044
"14",1.44513654913932,0,0.599212564860865,0,0.483042660785865,0,0,0,0,0.340427491439136,0,0,0,0,0.240538345688917,0,0.737481833563823,11.8185909300549,0,0,0,0,0,3.06656627145589,0.861794600214793,0,0.949302829268334,0,0,1.79967228360733,0,2.95675049913709,0,0.123057176213158,0,0,0,0,0,0,0,0,0,0.107543816983267,0,0,2.99575124098334,1.54702343732735,3.5028123214336,0,118.514131904826,0,0,2.43455893517514,0,0,0,0,0,1.95895764384758,0,0.0548711681584908,0,0,0,1.93892379276265,0,6.78388034340712,0,0,0,0,1.25684745945228,0,4.30540015100877,0,0,0,0,0,0,0,0,1.11166747035309,0.807975683049809,0,0,0,0,0,0,0,0,0,0,0,0,0,0,15.414727470124,0,0,0,0,0.23126617566407,159.374305260277,1.50274587552391,0,0,0,0.368709299760896,0,0.994726375034397,0.485708197063569,0,0,0,0.629729409615195,0,0.543737981301705,0,10.0204660695263,0,0,0,0,0,0,0,0,42.9153682676604,0,0,0,0,3.69339152829883,22.2516250144508,6.00805478900892,0,0,0,0,3.09838833007369,0,0,0,0,0,0,0,7.08282027581027,3.57056972066774,2.40775211496292,0,0,0,0,0,0,0,0,0,0,0,0,0,0,0,0,0,0,1.96474290777017,52.1049678112999,0,0,15.3225284847315,0,0,0,0,0,0,0.0136490155726629,1.69826647327622,3.31778704229456,0,121.907834808893,159.954548598033,2.85091072335452,0,0,0,0,0,0,0,4.98495586724704,0,0,0,0,0,0,0.752279561866402,0,9.17015778132121,0,0,17.517203138184,0,0.391022771911878,0,0,2.93969576407409,0,0.826810637221845,5.93305443165872,0.142496868316604,0,0,1.13926327470889,0,34.0952280088508,0,0,0,0,0,0,0,28.5944163014348,0,0,0,0,0,0,0.30263684652279,0,8.28689383866016,0,0,51.2409193264739,0,0,0,0,0,0,0,6.34391388458535,0,0,0,0.477345787841672,0,0,0,53.8203172251763,0,11.0057917474893,0,0,0,0,0,0.702831684160756,0,0,0,0,1.63350207398093,1.96404826485818,0,0,0,0,0.214342795541622,0,0,0,0,0,0,7.06958806653879,0,0,0.394500660341233,9.29160956551865,0,0,0,0,1.24640693342157,8.26224294911858,0,0,0,2.78833648476761,4.99064844009856,51.5525143446729,0,0,0,1.82280302219697,1.54486001064348,0,0,0.915354796914596,20.6488375001105,0,0.192884084356746,0,2.71498078337022,0,0,0,0,0,0.393047654326483,0,0,0.382334269936915,0,0,0,44.7047937662662,0.502033467519449,0,0,3.19988086871993,0,0,0,0.850130804543353,0,0
"15",111.673928257589,0,0,0,0,0,0,0,11.0851892804922,0,2.35875391491815,0,0,0,0,7.21992083546929,0,12.8411037316243,1.56702289013756,0,0,55.8527993379899,14.2108601680339,0,0,0,0,5.18510201644607,0,2.65385952588377,0.765155162665442,0,0,0,0.210552005559447,0,0,12.2329747781706,0,0,0,0,9.24364121851281,23.0884955666966,0.660653475184631,0,4.58730056177951,9.09180874753163,2.93006690041293,0,0,0,17.4677032349434,1.61468858893128,35.8167770769591,11.8561992411761,0,0,0,0,5.48681057917634,0,0,0,9.27670462964717,0,1.93248619518823,0,4.55134931517912,0,0,19.6767306139158,0.239029346668309,27.9464171199704,0,0,22.8917983187425,23.1175925599225,0,0,0,9.91732446546203,7.35462671931551,1.01654195564831,1.57966654893546,0,29.025125302329,20.1961296684496,0,0,0,0,0,34.2139701055611,0,0,0,0,0,3.15224077231685,3.25456835624856,0,7.77557706730686,0,0,0,0,0,3.38272846425104,2.03310809859684,2.3469447178304,0,2.5834009035907,0,18.3419108467753,0,19.1206248323893,4.58699712127683,0,0.647360165251715,0,0,4.83587353458385,8.6744577363194,0,0,0,0,0,0,0,0.729039746699405,102.010554553418,0,0,58.7054656478113,0.376848825904393,2.29939305364186,0,34.206370395762,0,12.6581254009079,0.408573716807849,0,0,0,0,0,0.434326402238786,0.934553328384076,0,49.6669438650296,0,0,0,0,0,5.18453639455362,35.1898532716111,14.7119300050018,38.8336107410335,0,0,0,0,0,0,0.487909518797458,0.477788551614355,0.410787174518325,6.3859620057856,1.13397736787656,2.51083701939832,0,92.7037373906782,0,3.14914889153513,0,0,0,28.4811942830986,42.6127304508479,0,0.289188042283427,12.5704929792795,4.20529771125206,0,0,3.99543639842833,1.04593547027311,0,0,0,0,0,0,13.7137623575487,0,4.65773687530848,0,0.510763421640667,0,11.5461790326096,0,0,1.50208115678174,0,0,5.80055883157266,0,0,0,0,0.879948442346283,7.72155508856491,7.78471184101758,0,1.60724918956924,0,0,0,0,0,0,2.45551841254676,1.2340920340022,0,1.21634668858377,0,0,0,0,0,0,0,11.4329487304653,6.67648546476746,0.0283173689988391,9.84249918908525,0,3.98500244461331,0,0,2.20507739747436,0,0,58.1292191267552,0,0,0,0,0,0,0,0,0,0,0,0,0,0,0,0,1.64344490859147,6.36395060133063,0,2.53388811482631,0.661616490398943,0,0,0,0,0,1.26070283658021,0,0,0,0,12.9774684831642,0,0,46.7791635569279,0,0,0,0,0,2.59051993743333,1.84890624341323,1.64854464559837,0,1.94155425965014,0,0,0,3.80441900583953,0,0,0,0.735239817956425,0,0,12.7905004067002,2.94616969344231,0,0.0206847560095164,0,0.974667003103019,0,0,0,0,0,0,0,0,0,0,0,1.04336149975609,1.33569771232642,0,1.38741987659719,0,2.33797007184221,0,0,12.519265084255,9.97089103651011,0,0,5.38708728763342,0,0.166777770741181,0,0,0
"16",0,0,1.52951679476611,0.0856275607907191,0,0,1.33475900048392,0,0,0,0,67.191891689068,0,117.77772534786,0,12.224446716095,0,1.77869501223667,0,0,0,3.65899824290876,0,0,0,0,0,0,0,0.941146780470293,0,0.765364606370767,0,1.1188564917307,0,0,0.969240951094073,8.66114573685551,0,0,0,0,0,0,0,0,0,0,0.308070714116391,1.76865990032058,0,0,0,0,0,0,0,0,1.63561823544006,0,0.142809851339244,0,0.9074612016114,0,0,0,0,0,16.2202053740495,0.398972764066392,0,0,0,0,0,0,0,0.209068062053226,0,0,0,0,0,0,0,0,0,0,0,0,0,0,0,0,0,0,0,0,0,0,0,0,0,0,1.33500609138678,0,0.17013251106114,0,0,0,0,50.5445201868897,0,0,0,0,0,0,0,0,30.863845093407,0,0,0,0,0.564140314257287,0,0,119.182840433072,0,0,0.102259880120377,6.34484555058559,0,0,0,0.671439491370844,0,19.8230655943357,0,0,0,0,0,0.505496918493948,2.13319948003775,0,0,0.553326356951894,0,0,0,0,0,1.56501191418323,0,0,1.58846220368308,0,0,0.114036610552941,0,0,0,0,0,0.97381520736709,0,1.04575369549984,0,0,0.411796089289626,0,0,0,7.32699513363307,0,0,0,0,0,0,0,0,0.52580740719085,0,0,0,0,0,0,0,0.842970859679159,0,0,0,0.268879298016498,0,0,44.9036205116973,0,1.16313118573333,0.398032558216085,0,0.0313021472990984,0,0,0,0,0,0,0,0,0,0,0,0,0,0,0.098277723842344,0.193935277634455,0,52.8115633245404,0.542721336519315,0,3.04229095492159,0,0,3.30604340291404,3.59158119781404,9.47971226583005,0,0,1.40472404870835,0,0,0,1.92622509518094,0,0,0,0,0,0,0,0,0,0,0,0,0,0,0,0,0,0,0,0,0,0,0,0,0,0,0,0,0,0.578426589442691,2.3714175936433,0,0,0,0.765078201113927,0,0.398086129290884,0,1.84315143223465,0,1.75311755874742,0,0,0,3.88128053823193,0,0,0,0,0,19.1037227722592,0.713699161461982,0,0,0,0,1.31747862710959,0,2.02465636048744,0.58478800153675,8.72462566252606,1.64405400984484,0,0,0.660038389425035,1.86443649614604,0.30229578387958,0,0,97.6724255843379,4.97643698411044,127.524146158758,0,0,0,0.523138516224825,0,0,0,0.272373205850993,0.485679900276143,0,0,0,0,2.38538295780366,108.131789697261,0,0,0,0,0,0,0,0.26473558293138,0.267434985392036,0,0,0
"17",0.682004265444021,0.716858195136815,0.983550555736366,0,0,0,0,0.358509082980439,0.641031935531328,0,0,0.428614534430237,0,0,0,0,0,0,5.24658831304092,0,0,1.39840916019081,0.131243408913862,0,0,0,1.82917266953962,0,0,0,0,0,0,13.7547095120924,73.0370449825857,0,0,0,0,0,0,0.748894177260519,0,0.202689498238087,0,0,28.103227409989,0,0,0,0,0,0,0,0,0,0,1.74222281865171,0,0,0,0,0.118071471708929,118.220652993601,0,0.521765317548961,1.84367056575235,1.63129845424576,0,0,66.1361984350432,0,1.07865101297905,0,0,0,0.0577743380281411,0.993902209009302,0,0,0,0,0.283782150555073,3.72794549256477,0,0,0,0,0,0,0,0,0,0,0,0,0,0,0,0,0.196816727132463,0,1.21178088732107,0,0.31600905220714,0,0,0,0,0,0,0,0.390174939410693,119.999413072601,0,0,0,0.703553538001171,0,0.308602692578873,0,0,0,1.07435376065022,0,0,2.20232033017713,2.15681915311792,0,0.969542789477944,0.763288829181324,0,0,0,0,0,0.0540055826706669,0,0.50089302174617,2.58278381651346,0.770218884264401,0,0.954841548875788,0.0157409409384062,5.76440317659059,4.00245683396173,0.0903494624000136,0,0,0.414986924720349,2.7764689985112,0,0.157499288005071,0,0,0,124.420612814647,0,1.13234212985688,0.687745234337205,0.0485393554860958,0,0,0,0,0,1.19837397211628,0,0.705856524811598,1.36972133439056,0,0,0,0,0,34.4864479889991,0.829796713963244,0,0,1.9262493260406,0,0,0,0,0.427492530697535,0,0,0,0.279579862653629,0,0,0,0,0,1.43488315015043,0,0,0,0,2.92619826002018,0,0,0,0,0,0.651369214008301,0.57659939718744,0,0,123.440132299442,0,0,0,0,0,0,2.88094749768429,0,0.285053562708558,0.194574848977403,0,0,0.300467586592708,0,0.553865258500389,0,0,0,0,0,0,0,83.0858541938345,0,0,0,0.18444445438883,0,0,0,0.482882009065548,0,0,1.62424776122209,0,0,0,0,0,0,0,0,1.12545085767274,0,0,0,0.000668692753127987,0,1.13526401111041,0,0,0,0,0.789992877326159,0.284451973528497,0.0362679812970164,0,0,0,0.634980908726482,0,0,0,0.878478004654994,0,0.598731161818215,0,0,0,0,0.475251449496085,0,0,0,0,0,0,0,0,0.191550760559356,0,0,0,0,0,0.0383914050367288,0,0,0.357548171381616,0,0.0821956558600436,0,0,0,0,0.699254729592296,0,0,0,0,0,0,0,3.15600932643352,0,4.91198759282103,0,0,0,0,2.35172811412956,0,0,0,0,0,0,1.11922572450702,0.653738828585341,0,0,0,0,0,1.22874877940689,0.429052995401557,0
"18",6.03293902164713,50.8440076496442,14.3631922216916,2.56659444758125,0,0,0,13.7790089642594,1.3728985016024,0,3.11851951898589,1.43670638549973,1.40906169945941,0,0,4.6872875837112,0,11.1415397734909,2.25173397841218,0,1.12592299397199,17.9725269102179,0,4.03282170087713,16.3258424858496,0,11.5239130295536,6.2645756743537,6.67172576946294,14.5197200552225,8.39916878523446,7.78176679019221,0,0,0,2.84401245078024,1.7020944955878,4.88100718977029,0,1.32522271508204,0,0,0,1.96442622122362,0.341646578302137,0,0,7.45382826441547,10.2705489222481,7.49266782757724,0,3.90212140445951,0,0.486720507658516,0,1.61169333470894,2.74023923611518,10.9420082821845,3.26791501627463,15.2627587488877,6.40464584901831,2.83755552722005,2.05153077392026,0,1.70911946931718,0,4.95853423592956,0,10.2487276128119,9.13966456453783,0,4.20337578214115,6.84957198663652,2.36980062694657,2.56853676133951,0,0,0,0,0,0,2.72452861108057,0,10.0474734366407,2.95980511787197,55.0977092175598,7.76185812674696,1.2093235401338,0,1.46340914960428,72.0756568447425,13.3932492277916,57.4691095475985,0,0,0,0,0,69.8604677246749,10.753981439313,0,0,0,62.1853650149542,3.0993103514016,0,8.89638463063055,3.68255724781823,10.795448916112,22.5416565871802,5.24728292266811,0,0.74582593513326,0,0,0,0,17.0940980682629,0,7.90995173516387,0,9.38079012730321,5.28236867947975,12.3989827173929,0,0,14.7552547056643,0,0,0,3.88180835820707,6.92288342148735,0,31.3637849150286,0,0,3.16172168494548,2.95163595376808,23.5791838757487,9.52628610709034,0,0,2.22451397368325,0,1.75383130759604,18.9627600775024,9.59443087399851,0,0,0,0,2.93681492498858,1.43149706625449,2.40350851855665,0,6.03500926989375,0,4.01518150757801,14.4142853286378,0,5.85305562089553,106.136245893088,0,0,0,0,0,13.0212907744267,0,4.27831617792137,0,11.1208928110125,0,0,0,0,4.22316404395742,0,0.879915250356427,16.6345065639887,0,0,0,5.55097802903235,3.9978881225163,0,0,0,2.80127969371167,0,0,4.93418482691847,0,0,0,2.24237886182112,25.6384273649656,0,0,12.3322096845931,9.77696130693599,1.3608629230922,9.25744921021417,9.69949829464677,8.9236472748554,24.3910903895179,4.16131958504858,17.4891125396578,0.367643359560063,5.55957222785677,2.55051959385964,0,0,10.6846698832643,8.74828396945346,0,0,0.380004691862975,4.71236417494702,3.01757395536115,12.1118103960835,0,0,8.68323599905661,9.41316374047623,3.16954732804498,3.40389324220564,0,1.34852057150008,0,0,5.89965047003519,0.35900275506762,2.00465866472083,0,1.17624461138911,4.68626111198054,2.84930114762938,8.24042121913821,4.49917619037374,4.45182114270543,0,0,0,0,0,0,7.69667707068117,3.55738684415188,0.0606685429180069,8.37085841474651,6.2617098045696,37.4412051191571,0,6.023958562619,0,4.04599842776242,0,3.27289032976602,0,8.28885979504463,0,0,0,0,9.4457940847101,1.00196826782979,2.56854390240716,8.27066893025691,0,0,6.41695172461058,5.6008249072638,1.35141027882138,0,1.91111168033047,3.26361163451932,0,0,52.4227097211115,15.7865831218108,0,0,0,8.55014637325425,0,0,0.475913290788423,6.00496556580011,3.03338656281655,0.365055315461864,0.907050416780706,0,0,4.22776150413438,7.78820805841191,6.27508481388808,6.47060543322566,6.37967445506271,9.34844461748542,0,0,1.37033367397019,0,3.07699658238911,12.4020170089579,8.25086687061559,0.251510043694471,5.28131104109678,0,0,45.3203521616863,0,14.0301641079375,3.41348196114627,0.434378487356412,0.803574043716218,8.44340344308304,0.69496966157665,0,7.68796445362029,0,0.50123786786693,5.94148556364921,0,4.28301778708344,1.06723286566802,3.27621400651291,11.0326126927606,0,3.17205541426503,2.34941855707108,0.229508207099134,3.73180286547925,5.68947618323136,0,36.7670446925789
"19",2.16527800431468,0,0,0,0,0,0,0,0.0409476157511485,0,2.20166353437772,0,0.881831675453811,0,0,0,0,0,0,0,0,0.474922465586828,7.97284337644216,4.70240251908451,0,0,0.300567119180793,0,0,0,3.04765242315617,0.572717676891286,0,12.3177129190907,0,0,0,0,91.3766860287469,0.855210697960235,0,29.0182997673791,0,0.440823549747966,0,0,0,0,7.82123863491111,0,0,0,0,0.374753389191873,0,0,0,0.645071356095748,0,0,0,0,0,0,0,0,0,0,0,0,56.2871757156237,0.505150392987569,0,0,3.10502752947157,9.84941884713441,0,0.776752417359563,0,0,0,0,0,0,0,0,0,0,0,0,0,0,0.615897257786232,0,0,0,0,91.3220076598907,0,15.2997755044721,0,0,0,0,0,0,0.29425518411679,0,0,0,0,0.215202745942104,0.0788852964463225,0,0,0,8.58422935653995,0.117457370873971,0,0.0514528517039669,65.597209245111,0,0.0834599646007561,0,0,0,0.264605000789109,0,0,0,3.46859319964277,0.338211427014011,0,0,36.7974062518784,0,26.9598424237345,0,0.322353636127586,0,0,0,0,0,0,2.26360564938333,0,0.473664003356638,0,3.78785696383286,12.6405410165741,0,0.120612948639067,1.55105282890032,0,0,0,0,0,0,0,0,0,0,0,0,12.1534839436594,0,0,2.7092466009106,0,0,0,0,0,11.1897622432027,0,0,0,0,0,0,0,0.413559010734409,0.616254064454044,0,0,0,0,0,0,0,0,0,0,0,0,0,0,0,0,0,3.6269881881932,1.14046033214474,0,0,62.6151534723457,0,59.0400998339413,0,66.6461995761211,0,0,0,0,0,0,0.546205750884949,3.04691802419245,3.09697572189347,0,0,0,0.95569992606844,0,0.318354305385369,0,0,0,0,25.9325009767377,0,0,1.8314169827516,0,0,25.9194839134652,0,0,0,1.56142952010645,0,0,0.914297105059832,2.82250572331006,0,0,0,0,0,0,0.269843036728792,0,0,0,0,0,0,0,0,0,0,0.363413028394138,0,0,0,0,0,9.54164362113091,0,0,3.50710068772855,1.83187630343048,1.26343790031338,0,0,0,0,0,0,1.14546889619703,0,0,0,3.59286692520144,0,0,0,0,0.550748964293268,0,1.2735687774914,0,0.0769002986345738,0,0.570606050835832,0,0,6.40102813020955,1.1629386220769,0,0,0,0,0,0.765443237915684,0,0,0,0,0,0,0,0,0.193253978610873,0.555227425200733,0,0,0,0,0,0,0,5.08135864878556,0,0,0,0,0,0,0,0.150024632935542,0,0.0699964185134111,0,0,0.0815461161671741
"20",0,0,0,0,0,0,0.0675660647731509,0.433229342913602,0,0,1.96608448584928,0,0,0,0,0,0,0,0,0,0,0,0,0,0.453955775421557,0,0.702260588581243,5.59441657301341,0.501029297179376,0,0,0,0,0.60430962325886,0,105.666306537344,0,0,0,0,0,0,0.238811361721844,0,0.530824012936662,139.802557460863,0,0.299899761971861,0.288725842364,0.86408588269398,0,0.163209398247397,0,0,0,0,0,0,0,0.421217256580341,0,0.758162196132292,0,0,0.531850014101415,0,0,0,0,0,0.886749884373523,0,0,0,0,0,0,0,0,0,0,0.24097767527457,0,1.32783784412445,0,0,0,0,0,0,0,58.4487625194274,0,0,0,0,0,0,0,0,0,0,0,0.551574755028877,0.261007318391039,0,0,0,0,0,0.231973871064146,0,0,0,0.773352057769183,0,0.850464475961709,0.272216018382302,0,0.130082307129921,16.2256558113292,0.367117388100972,0,0,0,0,0.524707481437813,0,0,0,24.1225834109565,0.0407846713649205,0,0,0,0,0,0,0,0,0,0,0,0.25878044763714,0,0,0,0,0,0,1.22388818785774,0,0,0.00530646636830289,0.29049328513631,0,0,0,0,0,0,0,0,0,0,15.5931974162669,3.99970420163613,0,0,0,0,1.1162249162267,0,0.0540417351250017,0,10.3515312733899,0,0.299046315013482,0,0,0,0,0,0,0,0,0,0,0,0,0,0,0,0,0,0,0.589399937163732,0,2.24200479106591,0,0.803349711883925,0,0,0,0,1.16878665975633,0,0,0,0,0,0,0,0.0835752945028467,0.895915837466167,86.9719489881691,79.7157574006815,0,0,1.23585965354361,0.351335074603294,0.109563833010498,23.8166386809702,0.210092366774919,1.77051365837663,0.0143643218956162,0.746186416197785,97.7977605051497,0,0,12.1574213001353,0,0,0,0,0,23.4567425347367,0,2.31495261232003,0.770162931492148,0,0,0,0.180927096834226,0,0,0,0,0,0.0397794048961361,0,0,0,0,0,0,0,0,2.00399369398114,0,0,0,0.136870609109936,0.18994930962262,0,0.348305481153905,0,0,0,0,0,0,0,0.743670128988391,0,0,49.852762636575,0,0.109974090714022,0,0,0,0,0,3.59234549224817,0,0,0,0,0.261155369701526,0,0,0,0,0,0,0.171882696958417,0,0.868704179928375,0.138035659633276,1.21540769919099,0,34.7711155528508,0,0,0,0,0,0,0,15.8535712455337,0,0,0.798790500000086,0.146156668220709,0,0,22.6228760874857,0,0,0,0,0,1.33029617758776,0,0,0,1.01065564802809,0,0,0,1.92581740544929,0,0.377831676573236,9.62198741940588,0,0
